,label
CACGATTGGTCGTTAA-1,2
TCTTATGGGTAGTACC-1,2
GTATCTTGTTGCTCAC-1,2
CCTAAACAGGGTCCGT-1,2
CAAATGCGGAGTGTTC-1,2
GTATCTCCCTAACTGT-1,2
ACGTCCTAAACGAGAT-1,2
CTGCAAATGGGCTCCA-1,2
ACCTTTCCTTTAGAAG-1,2
CTCGGGCATCGTCGGG-1,2
CAACAGTGCCAAACGG-1,2
GTCTCGCCAACACGCC-1,2
GGTTGTATCGTGAAAT-1,2
TACAAGCTGTTCACTG-1,2
ATACCAGGTGAGCGAT-1,2
ATGGTGCTCAAAGCCA-1,2
CGTGCCCGACATTTGT-1,2
ATTTGCCTAGTTACGA-1,2
CTGGGATCGCCCAGAT-1,2
CATTATAACAGGGTCC-1,2
ATAGATTTGCAGTCGG-1,2
GTGGCGGGCCGTAGCT-1,2
TGCGGGTATTGGGATC-1,2
GGCGTACCCTATATAA-1,2
AAATGTGGGTGCTCCT-1,2
TGTGGAGGAAGCTTAA-1,2
CCCTCGGGAGCCTTGT-1,2
CGTCAGTTTATCGTCT-1,2
ACAATCGATCTTTATA-1,2
CGCGTCATATTAAACC-1,2
TTGCGGCGACTCATGC-1,2
TTACTGTTTCTCTACG-1,2
TTCTTCCCTTTGATAT-1,2
AGTAGCGTGAACGAAC-1,2
GTAGCTAGTAAGCGCG-1,2
TCCGGCCTGCATCGAT-1,2
ATCATCTGCCCAGTGT-1,2
AGAGGTATCTCGGTCC-1,2
GCCGGAAACACATCTT-1,2
ACCAGGAGTGTGATCT-1,2
AAGGAGAACTTATAAG-1,2
ACTGTTTAGTGTAGGC-1,2
GCGTGTATGTCGTATT-1,2
CAGCCCTCACAGGCAG-1,2
GAAGACTTCAATGCCG-1,2
ACCAAACTAGAAATCC-1,2
GACCAGGTCATTCATA-1,2
ACGCCCAGCTGTCGAT-1,2
CCTCGACCCACTGCCT-1,2
TCAGTTACGGAATGAT-1,2
TCGGCTAACTTCCCTT-1,2
ATATCGTGCCAGACCC-1,2
ACGCTTAGTGTCTCTC-1,2
TAGTGGAACTCATACA-1,2
GTTATTAAATACGACC-1,2
CCTGACGCAACCTTTA-1,2
CCACTAAACTGAATCG-1,0
AGTCCAGCGGGTACGT-1,0
CTAAAGTCCGAAGCTA-1,0
AGTATCCATAATAACG-1,0
GTTCCAAGACAGCGAC-1,0
GATTAATCCTGGCTCA-1,0
CAGTAGCGAGGTAGTA-1,0
CTAGGCGGCAGAGAAT-1,0
CCCAAGACAGAGTATG-1,2
ATGCATTCCGTGATGG-1,2
GAACCATCTGGGAGAC-1,2
ACTTGCCATATTGTAC-1,2
GACGGACCGCGTTCCT-1,2
ATACCAGCAAATTGCT-1,2
CTCTCGATGTGCGCCT-1,2
TATCACAGCACGGGCA-1,2
CCGCCACCACAATCCA-1,2
CGGCTGCAAGATTAAG-1,2
TTAATGCGAGGTAACT-1,2
ACCAGCCCGGTCTTTG-1,2
ACATCTCAACGCGTAA-1,2
CCGACTCGCATAGTCT-1,2
CAAACGTGGTCTTGCG-1,2
ACTGATTTAGTGATTC-1,2
CGGAAATTTCACATCC-1,2
GTTCAATCTATGTCAA-1,2
CAACTCCAACGTTTAG-1,2
ATGGGAACGGAAGCGG-1,2
GGTGTTCTGTTTCTAC-1,2
GTATAGTGGCCCATGT-1,2
AATCTGGGTAGACCCT-1,2
AAACGCCCGAGATCGG-1,2
GAACGGTGTAAAGCAG-1,2
GGTTCGATGCTGAGTT-1,2
GTTTGGCGTCAGGCAC-1,2
GTATCGGGACGAGCTG-1,0
CATACGGGTGCATGAT-1,0
AAATTGCGGCGGTTCT-1,0
CATTCAGGTCAGTGCG-1,0
AATCAGACTGCAGGAC-1,0
CTGGCTGCTAACGTAA-1,0
AAGACTAACCCGTTGT-1,0
CGCGCAAGGAACTACA-1,0
ACGGCGGGTTGCCCTG-1,0
GTGCGCAGCTTGCTCC-1,0
TATGATTCTGCTTGGT-1,2
TTACGGTGTCACCGAG-1,2
TGAGCAGTCGTGAAGT-1,2
GTGTATGACTTTAAAG-1,2
GTCAATTGTACTGAAG-1,2
AGCTTATAGAGACCTG-1,2
AACTTTAGCTGCTGAG-1,2
GGCATCAACGAGCACG-1,2
TTATAGATGCACATTA-1,2
TGCTATACAAACGGAC-1,2
TATTCCGGCAGTCCTA-1,2
ATGTGTAGTTTAGTCA-1,2
AAGTTTACTAATGGCA-1,2
GATTGACACTCTGCTC-1,2
ACCGTTCCCGCTCTGA-1,2
CATTCACTGACAGCTA-1,2
CATGAACCTCTTATCA-1,2
AATAAGTCCTCGAGAC-1,2
CTACGAACTAGGTCGA-1,2
CACTACTCAGTTCTGT-1,2
CATTTATCGTTCAAGA-1,2
TAGAAACCACTAAGTA-1,2
TCGTATTTCGTCCGGA-1,2
ATCCACGCTAAATGTT-1,2
ATAAAGGTCAAGTACG-1,2
TAGGAACAGCCTCCAG-1,2
CACACGTTTCAATGGG-1,2
AGTAACGTTCATCCTG-1,2
TCTACACGTTCATGCA-1,2
TCGGTTAGCCATGTAG-1,2
TAAGTAAATGTGCCGC-1,2
TGGCACGAGCTCGAGT-1,2
GAACTTAGCGCCCGGT-1,2
ATAGGAATCTAAGCTT-1,2
CAATATGTAGATTTAC-1,1
TTATAGTCCAAGGTGC-1,1
CCTCGTTACGCCTGTT-1,1
ACGCATAAATGACATG-1,2
CTTTGGCAGACAGAGT-1,2
CAAAGGTTAAATTCAG-1,2
GCTTTCTATCTCAACT-1,1
CTGAAACGGCCCTCAG-1,2
TCTGACTGTAATGGTT-1,0
TGGAAACGGAGTGAAC-1,0
CGCCACCCGCATTAAC-1,0
GTATATGTTACGGCGG-1,0
TTCAGAGTAACCTGAC-1,0
CTACGTGTTGCCACCA-1,0
TCCATTAGTTGGATAG-1,0
CAGTCTCTCGGCTAAT-1,0
AGTCACTCCGCCTCAT-1,0
TATGGAGTTTCTCGTT-1,0
AACACGCGGCCGCGAA-1,0
AGCGTCTGAACCCGCA-1,0
GGTCACGTTAGATTCA-1,0
GTGCGGGACCATCGGC-1,0
TCCGAGAAGGCTAAGC-1,0
ATCCTGCTGCAGATAG-1,0
CATAATGAGCGGGCGA-1,0
GGTGAAACCGGGAATG-1,0
GTAGCGCTGTTGTAGT-1,2
GGATCAAAGGACGAGG-1,2
CAAGTGAACTTTGGTT-1,2
CAATGGTCGGCCTGGG-1,2
GTTATCACCTTCTGAA-1,2
GGAATAACCTCAAGAA-1,2
CCGAGGGATGTTAGGC-1,2
AAACGAAGAACATACC-1,2
TGCACGAGTCGGCAGC-1,2
TGGAGCTAAAGTTCCC-1,2
CATGCATGGAGACCCT-1,2
CCCTGGTATGGGCGGC-1,2
CCGCTGGTGCCATTCA-1,2
TCGGAATGACCATCAA-1,2
GATGTGTTGTCACAAG-1,2
ACCCTTTAGTTCTCCA-1,2
TATGATAAATCTAACG-1,2
TTCTACCTTTATGTTG-1,2
ATTCTGAGTATGAACT-1,2
AGTACGTGGCCTGTCT-1,2
AAATTTACCGAAATCC-1,2
AACCAGTATCACTCTT-1,2
GACTGGGCGCCGCAAC-1,2
TTAAGACGAACGAACC-1,2
AGAGTTAGAGACCGAT-1,1
CTCGAATGGAACGTAT-1,2
CTAAGTACAGGGCTAC-1,1
CATGGAAATGGGACCA-1,2
CACGACGTAATAGTAA-1,1
CTGGGCTATCCTTTGG-1,1
TCATTCGTATAATTTG-1,1
CATCTACCCGAGAACG-1,1
TCTGTGATGGAGGTTG-1,1
ATGGTTACGAAACATG-1,1
GATGGTGAAATAACCC-1,1
CGCGTACATTCTGGAA-1,1
GAAGGGCATAACCATG-1,2
CAATTTGACCGGGAAG-1,0
TTCATAGCCTTGTAAC-1,0
ATCGCACGATTGTTCA-1,0
TGGACCACGGCGTTGA-1,0
GTATTCTTACCGTGCT-1,0
GCGGTAACCCAAATGA-1,0
CTAGATAAACTCCTCG-1,0
CTGGCTCCTGCGGGAT-1,0
GTATGACGTGGGAAAC-1,0
GCAGCGGTGGGCATTA-1,0
ACTCAACGAATGTATT-1,0
CGATATTAGCCGCAGG-1,0
GATGTCCGGATCACAT-1,0
TTAAGGATACGGAGGT-1,0
CCATCTTGTTCACAAT-1,0
TGGCGGTGTGCGATTG-1,0
TTATGCGTCCCGGTCC-1,0
AGACATAGATCCTTCC-1,0
AACTGGTGTGGGCCTT-1,0
TTGTTTGTGTAAATTC-1,2
CGTAGCGCCGACGTTG-1,2
GTAGACAACCGATGAA-1,2
ACAGATTAGGTTAGTG-1,2
TGGTATCGGTCTGTAT-1,2
ATTATCTCGACAGATC-1,2
TGAGATCAAATACTCA-1,2
CTGGTCCTAACTTGGC-1,2
ATAGTCTTTGACGTGC-1,2
GGGTGGTCCAGCCTGT-1,2
ACACGGCACTATGCAT-1,2
GGAGGATTGAAAGGAG-1,2
GTTAGAGTGTGCCGCT-1,2
TTCAATTAGCCATAAT-1,2
TCTTTCTCTTAAGGAG-1,2
ACCACAACTCAGAACA-1,2
GATCCTCTTGCGCTTA-1,2
GAAATACCTGCTGGCT-1,2
GGATTAAGCTAAGGTC-1,2
TCAGGGTGCACGAAAC-1,2
TTGAGGCATTTAACTC-1,1
CACCGGAGATATCTCC-1,1
CACGTCTATGATGTGG-1,1
TGACCAGCTTCAAAGT-1,1
TTCGGACTGATGCCTT-1,1
GGACGGCTTGCGCAAC-1,1
ACAAATTCAGATCTGA-1,1
GGTGGACCACGTGTTA-1,1
CGGGTTCGGCACGTAT-1,1
GTATTAGGGTTCGCGT-1,1
AATAGCAAGCCTCCTG-1,1
GCTTCAGTGGGATTAC-1,1
ATCCACTTTCAGACTA-1,1
GGCCCAATCTAGAGGG-1,1
AGAGGGACAATTGTCC-1,1
CAAGAAACCCTAAACT-1,1
GGTTCCCTAGTGTCTC-1,1
GGATCCCTACCAGCTA-1,2
ACATGGCTCAATTTAG-1,0
GCTTCCAGCTTAGATT-1,0
CAATATTGGACTAGTG-1,0
CCTGCGATAGAACTGT-1,0
AACGCGAACGGCAACA-1,0
AGCGTACGAGAGCTAG-1,0
AATCCATGCAAGGGTG-1,0
CCACAGCTGAAATCAT-1,0
GACGTGAGACTCCATG-1,0
GGTGAACGGGCTAGCC-1,0
ACGAGAACCCATCACG-1,0
TCCCGGTCAGGAATTT-1,0
CTGGTTCAACGCATCA-1,0
CACCCTTTCCTCGCTC-1,0
AATATCAAGGTCGGAT-1,0
TTGGAGTCTCCCTTCT-1,0
TGGGCACAAACAGAAC-1,0
TCGATAGGCTAGTCGC-1,0
GCCTATTTGCTACACA-1,0
TTAAACCGGTAGCGAC-1,0
ACGTTCCGCGCTCCGT-1,2
CGGCTTTGTATGATAA-1,2
CGCAGAAACATTTGCG-1,2
AATCGGGACACTACGA-1,2
TATATTCGCGTCGATA-1,2
CGACATGCGATCTTCT-1,2
CCCAACCACACTAACA-1,2
TGGTATCGCATCCCAA-1,2
AACCCTGGTGGAACCA-1,2
ATTGACGTAACTCGGT-1,2
AGGGCAGCGGCGTGGT-1,2
TCCATTGTGACCTCGT-1,2
TTGCTGGCCGGGCTTC-1,2
CTGCCTAGCCACCAAG-1,2
GACTACAATTGCTCGT-1,2
ACTCTCTTATACACGA-1,2
CGGCTCTTCGTCGAAC-1,2
AGTGAGGGTTTCTGAC-1,2
GACTAACACAGCACCT-1,1
GTGGTCAGCGAAGTAT-1,1
ATCAGGTCGCCATTGC-1,1
AGCGCTTATGGGCAAG-1,1
ACTAATACGTCAGGCG-1,1
CGGTTGGGTTCAAGTT-1,1
AGACGGGCCGATTTAA-1,1
GTCCTTTAATGACTTC-1,1
GCCTGCTACACTGAGA-1,1
CTAGACATATATGTAG-1,1
AAACTAACGTGGCGAC-1,1
ACAATGATTCTTCTAC-1,1
ATTGGGAGTTCTGTAA-1,1
TAGCTCAGATCCTAGT-1,1
CTCACCGATCCAAACT-1,1
CAGTCCAACGCCTTCT-1,1
GCAGAAACGTAATCCA-1,1
ATCGTCCAATCGAGTC-1,0
AGGCCCAGTGACTGGT-1,0
TGCTTGAAACCATGCA-1,0
CGTGCTGGCCTAGTCG-1,0
GGGTAATGCTGTGTTT-1,0
TGTCGGCATGGTGGAA-1,0
ATACTCTCGCCACTCT-1,0
TTAAACAGAGTCCCGC-1,0
CGGTTCCGGCTTCTTG-1,0
TCGTTGGCTCGTCAAT-1,0
GCACTGTGCAAATGTA-1,0
CCAGCTACGCCTCATA-1,0
TCGCATTCAATGACTT-1,0
GGTGATTTCATCTTGT-1,0
CAACTTGTAGTGGGCA-1,0
ACTCAGACCTGCTTCT-1,0
GGATACTCATGAATTG-1,0
GAGCCACGGTAGTAGG-1,0
TAACCGCCCGCAGTGC-1,0
TTGACGATTCAGCACG-1,0
ACCGAAAGGGCCCTGC-1,0
ATACCAGGCTAATAGA-1,2
CTTGACCCGAAAGATA-1,0
GACCCGTCGCCGGCTA-1,2
GTCACAAAGTTTCCAA-1,2
CCTCCCGACAATCCCT-1,2
AACACGACTGTACTGA-1,2
CACCGCCGACCAGCGA-1,2
CAGAGTGATTTAACGT-1,2
GTCAGTTGTGCTCGTT-1,2
GATGTCGGTCAACTGC-1,2
ACATCGTTAACCTAGT-1,2
TGTTTAATACTTCATC-1,2
CATATTATTTGCCCTA-1,2
ACGAGATATTTGCTTA-1,2
AACGTGATGAAGGACA-1,2
CGCATCATGGCTTCAG-1,2
ATTCTTCGTACTTATG-1,2
GCCAGGCGTTCGCATG-1,2
CAATGGAATCTACATA-1,1
ATGGCTGGAAATGGCC-1,1
TATCACCATGTAAAGT-1,1
AAGCGGCGTCATGGGT-1,1
GGCTGAGCATCGTAAG-1,1
GACTGATTGGTCACAA-1,1
ACCAGTGCCCGGTCAA-1,1
CCTACAAGTCCGGAAT-1,1
GACTCGGTCGGCGGAT-1,1
TCGCCCAACTGACTCC-1,1
AACTGAGGTCAGCGTC-1,1
ATAAGTACCCGATTGT-1,1
CGAACATAGTCAGAAA-1,1
GTGTCGTATTCACCTT-1,1
ATATGTGCACAAACCA-1,1
TCGTCCGGGTACACTC-1,1
TTCGAGCCGGCGCTAC-1,1
CGTACCGAAAGTCTAG-1,0
TGGATAGAGTAACAGA-1,0
AGAGCTACGAAAGCAT-1,0
CACATGTTTGGACATG-1,0
CCCTAGTGTCAGGTGT-1,0
CCAGTCCATTATTCGA-1,0
ATTCCTTCCAGGCGGT-1,0
AGTTGACATCGGCTGG-1,0
GATAAGGCAGATGCAA-1,0
CCTCATGCAGCTACGA-1,0
TAATTAGATGGATATG-1,0
CTTGTGAGTCTTTGAC-1,0
ACTGTATACGCGAGCA-1,0
CGAGTGCTATAGTTCG-1,0
GTAACTTGCGGCAGTC-1,0
GGGAGTAATGGCTGGC-1,0
TCTGTCATACAAGAGC-1,0
TAAAGAGCCCGAAACC-1,0
AAAGACCCAAGTCGCG-1,0
TGTATCCTTATTCCAT-1,0
AAAGTCACTGATGTAA-1,0
TTAACGTCGCAAGACC-1,0
TCGGGTGAAACTGCTA-1,0
ACAGCATAGAGCCAGT-1,0
TTGGATCGACTTCTGG-1,2
TCGTTCGTTATTATGT-1,2
GCACAAGTGTCGGAAG-1,2
ACGTACAGATTTCTCT-1,2
GTAAGGATTTGTCGGA-1,2
ACGATGGATCCGATGC-1,2
TAGATCCGAAGTCGCA-1,2
GCGATTCTGGAAGCAG-1,2
TAGAATTAAGGGCAAC-1,2
GATGGTGCCCTAGGCA-1,2
ACAGCGCACCCGCAGC-1,2
GTCCTTCTAGTGGGTT-1,2
CACCGATACACCGAGC-1,2
CGGAGCTTATAACACC-1,2
TCCTCTGGCCCATTAG-1,2
TCGGTCCCTGACTCCA-1,1
CTGCGGTAGTCACGTG-1,1
ATCGTTCACTTTCGCC-1,1
CTAGACTGCATTTCGT-1,1
CTGTCACGCCAGGCGC-1,1
CCAACGCTTGCCAGGG-1,1
TGTATTTACCTAATGC-1,1
CGGTTTATGAAGGAAC-1,1
AAAGGTAAGCTGTACC-1,1
AGTACCTTCGAGTGCT-1,1
TGTATCAGACTGAAGC-1,1
TGGGTGGGATGTCATT-1,1
ATAACGTTACCTCCAC-1,1
CACACTTGTATTGCGA-1,1
CGACACCGCTTAAGGA-1,1
CAACTGAGGGTATGAC-1,1
CCGATCTTAAGAGGCT-1,1
CCATATTGGATCATGA-1,0
CTCGAGATCCAAAGCA-1,2
TCACAGATCCTCAAAC-1,0
TGCGTGATTGGGTGTC-1,0
TTCGCATCCGGAAGCA-1,0
TTACCGCCTTAGGGAA-1,0
CGTAAACGCTTGAGTG-1,0
TTCCTTTCTGTGTTGC-1,0
AACTCGATGGCGCAGT-1,0
GGCTGGCTAGCTTAAA-1,0
GACGCCTGTTGCAGGG-1,0
GAGGGCATCGCGTATC-1,0
TCAACACATTGGGTAA-1,0
GTGAAACGTGCTCCAC-1,0
GTACTGCATGAAGCGT-1,0
GAATCGCCGGACACGG-1,0
CATGAACCGACATTTG-1,0
GTCGTCAATTATAAGG-1,0
GTACTGAGGTCGTAAC-1,0
CGTCAGTGCGCACAAG-1,0
ATTCTCGTCTCTTTAG-1,0
TGTCTACAGTTTCTGT-1,0
CTATGTCTATTGAAAC-1,0
TGTCCCGACATAGCAC-1,0
ATATTCCCACAGGTCA-1,0
CACCATCGGAGGAGAC-1,0
CTTAACTTCGAAGTAC-1,2
TACCAGCTAGGTTTAA-1,2
AATTTGGTTCCAAAGA-1,2
CATCATCTACCCGGAC-1,2
CACTCAGCTCTTGAGG-1,2
TGAAACTTATGCAAGC-1,2
CAAACTATTGAGCTTC-1,2
CGAAACATAGATGGCA-1,2
CCCGCAGGGCCCAAAG-1,2
GGTAAATGTGCGTTAC-1,2
GGAAGCTCGCTTACAG-1,2
CAGCCGGGCCCTCTAT-1,2
ATTACAACTACCGGCC-1,2
CGGCACCGTTAGCGCC-1,2
TGGTTGGAGGATCCTG-1,1
GTGCCTCAGTGTACGG-1,1
ACTTACCGGGCGCGCA-1,1
TTGCCGGTGATCCCTC-1,1
CGGTATAGGTATTAGC-1,1
CGTTGAGTAATTGCGT-1,1
TAAATGCCGTCTCATG-1,1
GCAAGATGTGTTCGCG-1,1
GTACGTCACGTATTAA-1,1
ATTGTGACTTCGCTGC-1,1
GAGACCCTGCAACGCC-1,1
GGCTAATGATTGAAAT-1,1
TGCGAGATGGCGGCCA-1,1
GCTGGTGACTCGTAGT-1,1
GTAACAACTGACCTTG-1,1
CTAATTATGAAGCGTA-1,1
CGACTCGGTACACGGT-1,1
GTCATCTCCTACAGCT-1,2
CGTCGCGGCGGGATTT-1,1
CGCGGCAGTATTACGG-1,0
CATTCCCTAAGTACAA-1,0
ACCCTATAGGACTGAG-1,0
ATTGATAGCAACGAGA-1,0
CTTGAGGTTATCCCGA-1,0
GTACGACGGCGCTGCG-1,0
CGGCACTCAAGAAAGT-1,0
CTCCTAAGTTATGTCT-1,0
GTTTGGCCGCTCAGCG-1,0
CCGTACCCAAGCGCCA-1,0
GGTCGGTAATTAGACA-1,0
GCCCACCAAGGCTGTC-1,0
GAGCATCATCCCTGGG-1,0
GGTTTGAGTGCTGGAA-1,0
GGTAACTATGTATCTG-1,0
CGAGCGTTGATCAGCC-1,0
CCGTGCCCATGACGGC-1,0
CTCTGCGAAGCAAGCA-1,0
ATTGGGAATATCTTGG-1,0
TGCGGCATAGTTCAAC-1,0
TCGTATAGTGCAATTA-1,0
GATATCTCATGCAATA-1,0
CATGCTGGCTCCAATT-1,0
AGTTTCGCAGGTCGGA-1,0
AACCGTTGTGTTTGCT-1,2
TGCGGTGAAATTTCAT-1,2
GAGGTACATCCATCTT-1,2
TCATCCCAGAGGGTGG-1,2
CCTAGTTAGTCGCATG-1,2
TTGTATCACACAGAAT-1,2
AGGTACGATATTGCCA-1,2
GTCTTAGTACAGCCGG-1,2
CTACGCCATTTCCGAT-1,2
TAGTTAAGATAGGATA-1,2
CAAACTACGATAGAGA-1,2
TTCGTAATCCCAGCGG-1,2
CAATCCCTATACCAGC-1,3
TCCTGCCAACTGGAGA-1,1
AACTCCTAATCCCATG-1,1
TCTCGAACGAGGTCAC-1,1
GTGATGCACAACATCT-1,1
TGGGATGCACTCATTC-1,1
TGCACAGTGAAGTTAT-1,1
TGCGAGCCCTTCCGCG-1,1
GGTGCAGAGCCTATCG-1,1
TCCTGGCGCTGCCTGG-1,1
AGAATGCGGGTTCGGA-1,1
TTCCGGCTCGACTTCT-1,1
GGTTTGACAAGAAGCT-1,1
CACCATGATCGCAAAG-1,1
GGCCCAGTTATCAGCA-1,1
GTTGTTACATTGCGCT-1,1
GATCTTTGCTCAAAGA-1,1
CGATCATTAGAGGCAC-1,1
GCGAGAAACGGGAGTT-1,0
CATTGTGTGCTAGATC-1,2
GAAATGGGATGTAAAC-1,2
AGTTCTGCGTTGTATC-1,0
TTAGATAGGTCGATAC-1,0
TCTCGGCTCCAGGACT-1,0
AAGAAGGATCAGTTAG-1,0
CTTATGTTGACTACCA-1,0
GTCAAAGTTTACATAG-1,0
ACTGTGCTAGTAGATC-1,0
TTATCCAATCGAACTC-1,0
CATACAAAGCCGAACC-1,0
AGCGGGAAGGGTCCAT-1,0
GTAGACGTCGTTACAT-1,0
AGGTAACCTCCTATTC-1,0
GCACTAGTCGCGCTAT-1,0
GCGGTCCCTAGACGCA-1,0
AATCCAAGGGCCTGAG-1,0
GAAATTCACATCGCTG-1,0
AGTAGGTAACATACAT-1,0
TAGAGCTACGAAGAAC-1,0
CCGCCGGTCAACACAC-1,0
TAGTTTATTCTTGCTT-1,0
CGTTTAAGCGGAGCAC-1,0
GAAACAGCCATGCAGT-1,0
CTCATGGCTCACAATC-1,2
ACCCTTCATCTGCGAA-1,2
CAAATTGTCAGCAAGC-1,2
AAATGGCATGTCTTGT-1,2
CGTAGCGAATTGTCAG-1,2
GAAACTCTAATGAAGG-1,2
TTCAAGCCGAGCTGAG-1,2
TTAAGCCGACAACTTC-1,2
TGGGTAAGGTTCCCGC-1,2
GACCGTCAGGTCGTGA-1,2
GAATATTCGGAGTCCC-1,3
CAGGAAGACTTTATAT-1,3
GTGAGGAGCGGTTGAG-1,3
AGGGAAACGAGGTACT-1,1
AATTTGGGACATAGTA-1,1
GCTCATTACTGCATGT-1,1
TCACTACGACCAATGC-1,1
CCGACGTAAACACAAC-1,1
TTCCATCATGCGGTGA-1,1
CTATTGTGTTTGGTCA-1,1
TTGAAAGGTGTAAAGG-1,1
ACTATATGCTGTGTTC-1,1
GAGCCGAGCGTTTATT-1,1
ATGCGACAATTGGTCC-1,1
TGATTATGGCACGCAG-1,1
GCAGCTATGGACAGGT-1,1
GTCGGAAGGATACCAG-1,1
GGGCCTATTTAAGTAT-1,1
CAACTCCGTAACTTGC-1,1
TCGCTTAATTACGAAG-1,1
TGTTCTCTACTCCCTA-1,1
GTATAATCTCCCGGAT-1,2
CACTTCGTCTTATCTC-1,0
CCCTGATGTAACTCGT-1,2
CGGGCCATAGCCGCAC-1,2
AACTTGCGTTCTCGCG-1,0
CGAGGCCAGGCATTGG-1,0
CAATCCTGCCGTGGAG-1,0
GGGTACCCACGGTCCT-1,0
GGGCGGTCCTATTGTC-1,0
AACCATGGGATCGCTA-1,0
ACTTAGTACGACAAGA-1,0
TCTATTACGCTGGCGA-1,0
CGCTATACCGCCCACT-1,0
CCATCCATACCAAGTC-1,0
GAAGAACGGTGCAGGT-1,0
CAGCTCGTGCTTGTGT-1,0
CATCGCCCGCGGCCAA-1,0
TGGAAGACGAACACCA-1,0
CCAAGGAACAGAGAGG-1,0
CGCTTTCATACCGGTG-1,0
ATTTAACTCGTATTAC-1,0
TATCCTGCATGGGAAT-1,0
CCGGCGCATATTGGAT-1,0
GAGCGAGGGAGTACCG-1,0
CTTCTTACGTCGTATA-1,0
GTGCAACAAATGTGGC-1,0
ACACACTTTCTACACG-1,2
ATTAATTCGGTCACTC-1,2
ACGTTTAGTTGTGATC-1,2
CGAACGCCCAGTGCCG-1,2
CTCTGTTTGAGGATTC-1,2
ACTATTCGTCCGTGGT-1,2
CCATAAACAACCCGAC-1,2
ATTTCATTATTTCGCG-1,2
CTAGTATTCGGAATTA-1,2
CCTAAAGGCTGACGCT-1,3
CCAATCGGTAGATCGA-1,3
AAATTACACGACTCTG-1,3
AAATAACCATACGGGA-1,3
CGTTAGCTCACAACTG-1,1
GCAACCACCAGACCGG-1,1
AAACAGAGCGACTCCT-1,1
TTGCGTGAACGCTTAG-1,1
AGATGAGGGTTGCGAT-1,1
GGCAGCGGTAATCCTA-1,1
CTCAAGACATTAGCGC-1,1
TGCAATTTGGGCACGG-1,1
GCTGGACCCAAAGTGG-1,1
TCCGGAGGAAGGGCTG-1,1
TCCGAAGTAGTCACCA-1,1
CACAAGAAAGATATTA-1,1
TAAGCCCTTACGACCA-1,1
GGACGTCCATAGTTGG-1,1
AAACGTGTTCGCCCTA-1,1
GGTCATTGTAGTCATA-1,1
GAACATTAGTATGTTA-1,1
TAGTCCGTATGCATAA-1,2
CATCCGCAGGCCCGAA-1,0
CCATAGTCAGTAACCC-1,0
CTCCGGCTTGTAGACA-1,2
AATGAGTTCGCATATG-1,0
TCTGCGTCCGGTTTCT-1,0
CTGAGCAAGTAACAAG-1,0
ACGGAATTTAGCAAAT-1,0
ATGTTACGAGCAATAC-1,0
TCGCATCCCTAAGTGT-1,0
GAGCTCTCGGACCTAA-1,0
AGATACGACTTCATAT-1,0
CAGTGTCCGCAGAATG-1,0
AACCCAGAGACGGAGA-1,0
GATAAATCGGTGGATG-1,0
GAGTACGGGTATACAA-1,0
TCTTACAGAGGTACCG-1,0
GTTGTCGTGTTAGTTG-1,0
CTGCACCTGGAACCGC-1,0
GTTCTTCCCTCGATGT-1,0
AACGATAGAAGGGCCG-1,0
AGGCCCATTGTACAGG-1,0
ATCTGTAATTGTACCC-1,0
TTATTAGGGAAGCATC-1,0
GAAGTGCTGGATAGCT-1,0
CATGCGTTAGACAGAA-1,0
AGCCCTAAGCGAAGTT-1,0
AACAGGAAATCGAATA-1,2
TCCTTCAGTGGTCGAA-1,2
CCTCGAAGTGGACGGG-1,2
TGGGCACGTTCTATGG-1,2
CCTCTGGCCTAGACGG-1,2
CATAGTACATTGAGAG-1,2
CAACTATATCGAATGC-1,2
GTGGAACCTACATGCG-1,3
CGTGACATTGGGTCGT-1,3
ATTGTCGCAATACCTT-1,3
CACTCCTCTCGGTCGG-1,1
AGTTACTCTATCGTGG-1,1
GAATGTATGGCAGGTC-1,1
TCACTCGTGCAACGGC-1,1
CAGCCTCTCCTCAAGA-1,1
CCGCCTGCGAATTGGT-1,1
CGGTGGGCTCCAGCCT-1,1
GCTAGCAGGGAGTGGG-1,1
CACGGCGCGCCAAAGG-1,1
ATGCCAATCGCTCTGC-1,1
ATTCCTAAGACGTGGA-1,1
TCGGTGACCGCTCCGG-1,1
CATGTAGGAGCGCCAA-1,1
AGGGTCAGTAACCCTA-1,1
ATACCGTCATCCATAA-1,1
CATCAAACTGGCGCCC-1,1
AAATTGGTGAGAAGCA-1,1
TGCAGTGAGGCTCGGG-1,1
GGTTTGCGAACACGTA-1,1
CCGACAAACACATGAG-1,0
ATAATACCGTTAGCCG-1,2
AGTTGCTGACTGATAT-1,2
TGCCTGACATCGGTCA-1,2
CAGTGGTTGCACATGA-1,0
AAATGCTCGTTACGTT-1,0
CATTTCTAGCAGACTA-1,0
AGTCAGCCACCGCCTG-1,0
CTCAGGACTCACCTGT-1,0
CCTACGGCTCAGTCGA-1,0
TGATTTCCTCCTGACG-1,0
GGTGAGATGCAGATAA-1,0
AGGACATCGCACGTCG-1,0
TAAGGAACTTGTGGGA-1,0
GCATCCCTAACTTTGA-1,0
CCCTCATTCTGGAATT-1,0
GGTGCGGATAAGTGGC-1,0
CTTACACTGGGAAATA-1,0
GCCTTCAGCCCTACCG-1,0
CCGGGACCCGCAGAGA-1,0
ATGATCGGGAATAGAC-1,0
TACCTCACGCTTGTAC-1,0
ATGACGCCGGCTCTAA-1,0
AGTAATGTCTTGCCGC-1,0
CGTCTGGAAGGGCCCG-1,0
AGAGCGGGCTAATCAT-1,0
AACTGATATTAGGCCT-1,2
GGGTGTTTCAGCTATG-1,2
ACTGCCGTCGTAACTC-1,2
ATCTCCCTGCAATCTA-1,2
AGCTATTTAATCCAAC-1,2
GATTCCGCGTTTCCGT-1,3
TATTTATACCGAGTAG-1,3
AGTTAAGCGGTCCCGG-1,3
TTGGCCTAGAATTTCG-1,3
GGGCGTCCACTGGCTC-1,3
TTAGACACGATCGTTG-1,1
TTCGGCAACCCGCTGA-1,1
CTGCGTTACGATATAA-1,1
AACCTTTACGACGTCT-1,1
TGAGATTAGGCCCTAA-1,1
GTTGGATTCAGTGGCT-1,1
AGTAGGAAGGAAGTTG-1,1
TGATCTACGCTGATCT-1,1
TGACACTTCTCTTTGC-1,1
CACCGCGTCCACTCTA-1,1
TCGTAAGCTCCGAGGA-1,1
CGCGAGAGGGACTTGT-1,1
GAAATATGCTTGAATG-1,1
AGGCGTCTATGGACGG-1,1
TGAATATGCTATAAAC-1,1
TGGCTTGTACAAGCTT-1,1
AGATACCAGCACTTCA-1,1
GAGGCATTTGCAGCAG-1,1
TCTACGGGCTCAGTTG-1,1
GCCTTGTATATGCAGT-1,0
ACACTCCAATGTCACT-1,2
GGCGCTCCTCATCAAT-1,2
TTGGCCATCTTGCGCT-1,0
AGAATTGTTTGACATA-1,0
CACCTAATAGAGTCGT-1,0
CCGAAAGTGGTGAGCA-1,0
TCATCACTCGAGCTCG-1,0
CGGTGTACTTGATCCC-1,0
GTACTTGGGCACTTCT-1,0
CCTCACCAATCTTGAC-1,0
GCTAGTTTCATTGAGG-1,0
GTGGACGTGCTGAGAC-1,0
TCGCTGTGCGTAAATC-1,0
CACCCACACGTCACCC-1,0
AGGGCGTGATCGGCTA-1,0
TAATATTGAAATTCGC-1,0
ACCAAGAACGCGTGTC-1,0
GATGCTACAAGCGCCT-1,0
GTTCCAGTCTGACCAT-1,0
TTGGATTGGGTACCAC-1,0
CATGGCAGGAAGATCG-1,0
AGCGACATCCCATTCA-1,0
TTCTTAGTGGCTCAGA-1,0
ACGTGCGCCTCGTGCA-1,0
GCGTCGAAATGTCGGT-1,0
CGAGCTGGGCTTTAGG-1,2
TTAATTTCAGACGCGG-1,2
GTGCACGAAAGTGACT-1,2
ACGCCAGATGATTTCT-1,3
CCACGAGAAGAGAATC-1,3
GTCGGATGTAGCGCGC-1,3
GTAGGTGATCCGTGTA-1,3
CTGGCGACATAAGTCC-1,3
GGCATATCGGTTCTGC-1,3
TTACCCATTGCCGGGT-1,1
GCGCTGATCCAGACTC-1,1
GATATTTCCTACATGG-1,1
TAATAAACAAGGAGAT-1,1
AGTCCCGCCTTTAATT-1,1
AGTGTATTGCGCATTG-1,1
TAAAGCTGCAATAGGG-1,1
TATCACTTCGAGTAAC-1,1
GGATCATCCCGTACGC-1,1
AGCCCTTCTAATCCGA-1,1
TAATTGGAATCGGGAA-1,1
TATATTACAAATGTCG-1,1
GGACCTACGGTAACGT-1,1
CCGTATTAGCGCAGTT-1,1
AACATCGATACGTCTA-1,1
ACCAAACACCCAGCGA-1,1
GAATGAAGGTCTTCAG-1,1
GCGGTCCCGGTGAAGG-1,1
GGCAAGCCAGGGATAG-1,1
TCTGCGAATCGTTCGC-1,1
TAAACGTCGTCAATGA-1,0
ATAGCCTCAGTACCCA-1,0
GTCCTACAGGCGGCTC-1,0
AACTTCTGCGTCTATC-1,0
AGTCTGGACATCCTTG-1,0
GAAATACTAAACGTTT-1,0
TTCGGCTAGAGATGGT-1,0
GAGGTCCCAAAGATCT-1,0
CTTGTTTATGTAGCCA-1,0
ATAATAGTGTAGGGAC-1,2
ATATTGCTGTCAAAGT-1,2
TTCTTAGTGAACGGTG-1,0
TATACACGCAAAGTAT-1,0
CAACGGTTCTTGATAC-1,0
TCTATCATGCAGTTAC-1,0
CGCTTCCACTGAAATC-1,0
ATTACTAGCCTCTTGC-1,0
CAACTCCTTGATCCCG-1,0
GCGGGAACCAGGCCCT-1,0
CTCGGTCCGTAGCCTG-1,0
TATCCATATCATGCGA-1,0
TGAGAATGCTTTACCG-1,0
TGTTTCGGTACTTCTC-1,0
TATTTAGTCTAGATCG-1,0
TTGTGGCCCTGACAGT-1,0
CCATAGGTTGGCGTGG-1,0
TCCGATAATTGCCATA-1,0
CAAGCACCAAATGCCT-1,2
GAAATCGCGCGCAACT-1,2
CACCTCGATGGTGGAC-1,2
TGGGCCACAAGAGCGC-1,2
CCTCGCCAGCAAATTA-1,3
TTAATCAGTACGTCAG-1,3
ATTATACTTTGCTCGT-1,3
CGCCCGCTTCCGTACA-1,3
CGGTCTATCAACCCGT-1,3
TCATGCAGGTTCTCAT-1,1
TCCCTTAGATTACTCG-1,1
AGCTCTTCCCAGTGCA-1,1
CACATTCTTTCGATGG-1,1
CGTTTCACTTCGGGCG-1,1
GCAGGTAGAGTATGGT-1,1
GAAATTAGCACGGATA-1,1
AGGACGCTCGATGTTG-1,1
CATCTATCCCGTGTCT-1,1
CATATACTACTGATAA-1,1
AAGTTCAGTCTGCGTA-1,1
CGCGGTCACAAACCAA-1,1
ACGGAGCGCAAATTAC-1,1
GAATAGCCCTGCGGTC-1,1
CCGAGCTGTGCTTGTC-1,1
GCCTATGCTGGGCCTT-1,1
AGCGGTTGCCGCTCTG-1,1
CCGGAGGTCTTATGGT-1,1
GGGATCCCAATACAAA-1,1
CTCACACGCAAGCCTA-1,1
ACGTTATTGGTCACTC-1,0
CGGGAGTATACCGCCG-1,0
CGGATAAGCGGACATG-1,0
GGGTTCAGACGAACAA-1,0
TTGAACGAATCCTTTG-1,0
CCCGCGCAATGCACCC-1,0
GACACGAGTTAGAGGA-1,0
TAACTCCATGGAGGCT-1,0
GATGGCGCACACATTA-1,2
CGCTATTCAATGTATG-1,1
GGATTCAGTACGGTGG-1,2
AATGGTTCTCACAAGC-1,0
CTTCATAGCTCAAGAA-1,0
ACACCCGAGAAATCCG-1,0
CCCGCCATGCTCCCGT-1,0
CACTGTCCAAGTGAGA-1,0
CATAGTAGCATAGTAG-1,0
AAGTAGAAGACCGGGT-1,0
ATTAGATTGATAGCGG-1,0
TGGCTTTGGGTAGACA-1,0
GGAGTGCCGCCCTGGA-1,0
TTAACCAACCCTCCCT-1,0
TTGCTGAAGGAACCAC-1,0
CTCCGGCCTAATATGC-1,0
TCGCCGGTCGATCCGT-1,0
GAACGACCGAATGATA-1,0
CATTACGTCGGCCCGT-1,0
TGCATGGATCGGATCT-1,2
CTGAAAGAGATCCGAC-1,2
ATTTGTTCCAGGGCTC-1,2
CCTTCTTGATCCAGTG-1,2
TTCATGGCGCAACAGG-1,1
CCTATCTATATCGGAA-1,1
ATGGATCCGGCGTCCG-1,3
GGATTCCGCTATACCC-1,1
ATGCCGGTTGATGGGA-1,1
TGAGCTTTAATGACGC-1,1
ATATCTCCCTCGTTAA-1,1
TCGCTAAACCGCTATC-1,1
GATATGCGGTAGCCAA-1,1
CCAATTACGGGTCGAG-1,1
GTCGTATTGGCGTACA-1,1
AATGCACCAAGCAATG-1,1
GGCTAAAGGGCGGGTC-1,1
CAGTAACTATTTATTG-1,1
GCGTTCGGAGACCGGG-1,1
CGAAGCTATAAATTCA-1,1
GGGAATGAGCCCTCAC-1,1
CGTTCTTCGCACACCT-1,1
AATAGCTACCGCGTGC-1,1
GATGACGATGATCGCG-1,1
TTACTGTCTAGAGCTC-1,1
GCTTGCAGCACAATTG-1,1
ACAGTATACCGTGGGA-1,1
ATTACGACTCCACAGT-1,1
GATCGGCGATAAGTCG-1,0
TCCGTAACCACAATCC-1,0
TATACTCATGCGGCAA-1,0
CGTCATACCATATCCA-1,0
CTGGCGGGAATAAGTA-1,0
GCTATCGCGGCGCAAC-1,0
GTATTAAGGCGTCTAA-1,0
TTAGCAACATGGATGT-1,2
GATGTTTGTGCGAGAT-1,2
CTGTATGGTGTAGAAA-1,2
GTATCAGCTTGGGTTC-1,2
TTACATCGTGGCCTGG-1,2
GGCTCGTGCCACCAGC-1,0
GCCCGCGCGTTTGACA-1,0
GCCTAGCGATCTGACC-1,0
TATAAATCCACAAGCT-1,0
CCAATTGAATGTTAAT-1,0
TTCAACGACCCGACCG-1,0
CAACGACCCGTTTACA-1,0
TCTCTAATAGCTGGTA-1,0
GACAACGCAGCTTACG-1,0
GTGCGGGTCTCCAAAT-1,0
GTATAGGACTCAGTAG-1,0
CACAGCTAGGGAGTGA-1,0
CCAAGACTTCTGCGAA-1,0
TAATACACAGTAGTAT-1,0
AACTGGGTCCCGACGT-1,2
TGGAAGGATAAAGATG-1,2
TGCCTGATCAAACGAT-1,2
CACCTAATCAGTTTAC-1,2
CCCGACCATAGTCCGC-1,1
TGCCACCTGGCGAAAC-1,1
TCTCCAACGTAGGTTA-1,3
GTCTCGATCTGCTTTC-1,1
ATCACATTAGAATATC-1,1
AGCTGAAGTAAACCAA-1,1
CACCCACGAGGCAATT-1,1
CCGTTACGTTAGAACA-1,1
GGAAAGTGCCCATGCC-1,1
TATGTCAAGACCGACT-1,1
GCGGTGAACTGCGCTC-1,1
ATCGGCAAGCAGTCCA-1,1
ATTCAGGACCTATTTC-1,1
TTCGCTATCTGACGTG-1,1
CAGTACATTCTCTAAA-1,1
AACGCATGATCTGGGT-1,1
GGAAACCTTGTTGAAT-1,1
GAGCTGTCGTCTCGGA-1,1
ACCAACACCACACACT-1,1
CTGCTTTATGTCCGCG-1,1
ATTGACCGGCGATGAC-1,1
GTTGGACCGCATCAGG-1,1
CGGTCCATGAGACTCC-1,1
TGTACTACTCTCACGG-1,1
GAGGGCCATAATATTA-1,1
AGCCTTAAAGCGGAAG-1,3
GAATGCCGAAATGACC-1,0
TAGTGTCAGAAACGGC-1,0
TAGTACCTTAGTGGTC-1,0
AGTGTGGTCTATTGTG-1,0
CAGTAATCCCTCCCAG-1,0
CTAATTTCAACAACAC-1,0
ATGCTCAGTGTTGCAT-1,2
CACTTCGCCACAGGCT-1,2
TACGTGCACTATGCTG-1,2
TAACAAAGGGAGAAGC-1,1
TCTGAACCGGTCGGCT-1,1
TATAAGTGAGGATAGC-1,2
TGCTGGTTGGACAATT-1,0
CCATGCTCTGCAGGAA-1,0
CGCTCGACATAATGAT-1,0
GCTAATACCGAATGCC-1,0
TTCCTCGAGGGTGTCT-1,0
CTTGTACTTGTTGACT-1,0
ATTATGCCATAGGGAG-1,0
AGATGACTCGCCCACG-1,0
GTACGAGATTGCGACA-1,0
TTGCACGGAGCAGCAC-1,0
ATACTAGCATGACCCT-1,0
ACATAATAAGGCGGTG-1,0
TCTTGGTAACACCAAA-1,2
ATCACTTCATCCTCGC-1,2
CATGATGCACAATTCT-1,2
ATAGGGATATCCTTGA-1,2
TGTGACTACGCCAGTC-1,2
CGCGCCCGACTTAATA-1,2
CTGCCAAGGTTGGAAG-1,1
TTCTTGGAGTAATGAG-1,1
TACTCTCCGAACAAAT-1,1
TACGGGATGCTAGCAG-1,1
CATGGGTCGGGTGTGG-1,1
TGCCATTACTAAAGAA-1,1
GCCAGGAGTAACCGAT-1,1
TCTTACCGGAACTCGT-1,1
CCTAACTAAGGCTCTA-1,1
CCTCGCGCGATATAGG-1,1
AGATCGTGCATAAGAT-1,1
AGCTAGAAGCAGAAGT-1,1
TTCCGCAGAGAAATAT-1,1
GTGAAGATTTCAAGTG-1,1
CCCAGAGGAGGGCGTA-1,1
GTGAAGCCGTATAGTC-1,1
TGTCATTTGTTGGGAA-1,1
AAATGATTCGATCAGC-1,1
GCGAGAGGCCATGTAA-1,1
ACCCTGGTAACGCCCT-1,1
CGTTTACAAGGCAGCT-1,1
GTTCGTCTGGGTCCCT-1,1
AGTGAAGATGGTGTCC-1,1
ACTCCCGTAGACTAGG-1,1
GGGTCATGCGTACCAT-1,3
TCAGGGCGCAAACTCG-1,3
GTTATTAACGTGGGAG-1,3
TTGCTGCACCTATCCA-1,3
CCGAAGTATATTGTTC-1,2
TCATACTTACAGATCC-1,2
TAGCAACCTGTCACAA-1,0
AGACCATGGGATACAA-1,0
ACAACGGTCCCTGCGA-1,0
TTCTACTTGCGAGGGC-1,2
CTGTTCATCTCACGGG-1,1
GCTTGATGATAATCAG-1,1
GCCCAGTTGGTATGCC-1,1
TCGTCCGCTGGCGTCT-1,3
TTGTTAGCAAATTCGA-1,0
TTCTAGGCCAATTGTG-1,0
ATGAAGCCAAGGAGCC-1,2
CCAAACAGAACCCTCG-1,0
GAACACACATCAACCA-1,0
AGCATCGTCGATAATT-1,0
TAGGGTGTTTCAAGAG-1,0
CTGTTCACTGCCTGTG-1,0
TTGTCGTTCAGTTACC-1,0
TTATCTGTATCATAAC-1,0
CTCATTTGATGGGCGG-1,0
TCTATCGGTCGCAACA-1,2
ATTAATACTACGCGGG-1,2
CGTACCTGATAGGCCT-1,2
TGCGGAGTAAAGGTGC-1,2
TTGCTCCCATACCGGA-1,2
AGGTTGAGGCACGCTT-1,2
TCCGATGACTGAGCTC-1,2
CTTAGCCTTCCACATG-1,1
ACGATACATAGAACTA-1,1
ATACGGGTTTCGATTG-1,1
GCTCGGAATTTAAAGC-1,1
TGGCAACTCGCGCGCC-1,1
TATCGATCTATGCATA-1,1
GCCATATTGCACACAG-1,1
CGGTAGAGGTGCAGGT-1,1
CTTGTGCTCACCGATT-1,1
CGATGGACCCTACGCC-1,1
TTAGCTAATACGATCT-1,1
ATTACTTACTGGGCAT-1,1
TACTGCAATCAATTAC-1,1
CTCGTTTCTAATGTTT-1,1
CTGAATTTATTGCCAG-1,1
CAGATCATTTAAAGTC-1,1
TCCCAAACAGACAACG-1,1
TTAGTTCAAGTGTTCG-1,1
TTAACGAACAAGCAGT-1,1
CAAATTGGATTATGCC-1,1
GGAGACCAATGTGCTT-1,1
GTCAATGCTATAATTT-1,1
TGGAGGGAAACACCTC-1,1
CTGGTCATTCCAATCC-1,3
GATGCCAGCAGAAGGC-1,3
AATACAATGTTTCAGG-1,3
CCAGAGACAAAGCCGG-1,3
GCTAAACCTGAGGTGA-1,3
CGAGCACTTCAAGTTT-1,3
TGGGAAATGCCTTTCC-1,0
TAAATGAATCCGTTTC-1,0
GTCACTCTCCAAATCT-1,0
CGCAATTACTTTCGGT-1,1
TTCTTGTAACCTAATG-1,1
TTGGCTCGCATGAGAC-1,1
ATTCCTCCGCCAGTGC-1,1
GGAGAAGTCATTGGCA-1,3
TCTAGCATCTTCGATG-1,1
TCACGGTCATCGCACA-1,2
AATGACTGTCAGCCGG-1,2
TATCGATGATTAAACG-1,2
CCCGTCAGCGTCTGAC-1,2
GACTAAGATCATGCAC-1,2
TGGTTCGTAGCAAAGG-1,0
ATGTGCATCCGACGCA-1,0
CGGGATCAATGTAAGA-1,0
ATCGACTCTTTCCGTT-1,2
GTAAGCGGGCAGTCAG-1,2
AACGCGGTCTCCAGCC-1,2
CTTTAACTTTCAAAGG-1,2
GAATGTTGGGTAATCT-1,2
CCTGAATATTTACATA-1,2
CCTCTAATCTGCCAAG-1,2
TCCCGTCAGTCCCGCA-1,2
CAGCCTCCTGCAGAGG-1,3
ATTAATGAACCAGTCG-1,1
AGCCACTCCCGTGCTT-1,1
CTGTCAAATGGCTCGG-1,1
TAGGCATGTTACGCCA-1,1
ATCAGTAGGCAGGGAT-1,1
CGACTCAGGATGTTAT-1,1
AATTCATAAGGGATCT-1,1
AATGATGATACGCTAT-1,1
TTCCAATCAGAGCTAG-1,1
GGTCGGATAAACGGCG-1,1
CTCGATATTTGCGAGC-1,1
CTAGCCGATGTTATGA-1,1
TAGTCTGTGACGTTGC-1,1
TTCGTTCAACGAAGTT-1,1
TGGAATATCCTTGACC-1,1
CTCCTTTACGCAAGTC-1,1
ATCGCTGCGTGCAGCA-1,1
AAACTCGTGATATAAG-1,1
GTTATATCAGGAGCCA-1,1
CGAGGAGCTTCCATAT-1,1
CATTGATGAACACGCC-1,1
ACCACCCTCTCTTCTA-1,1
CACGGACGTGGATGGC-1,1
TTAACTCACGCGTGGA-1,3
GTAGAAACGGGTGGAG-1,3
AGGCTTGCTAGACACC-1,3
CGCCCTTGAAGGCTGA-1,3
TTAACACCTCGAACAT-1,3
TTACCCTAACAGTCCT-1,3
AAAGGGCAGCTTGAAT-1,3
AGAGCGTACAAGCTCG-1,3
GCCTATTCCGATATAG-1,3
CCGGAATGGTTTCAGT-1,1
TAACTATCGAAGGTCC-1,1
TGTGTCGCGAGTTGCA-1,1
AAGGCGCGTAAAGCTT-1,3
AACGTCAGACTAGTGG-1,2
GCAAGTGCACAGAGAA-1,3
TTCGACGGGAAGGGCG-1,3
TATTTGTTACCCTTTA-1,3
GTTGCACGGAGTTTCG-1,3
ACACCCAGCATGCAGC-1,2
TTACAACTACGCATCC-1,2
GGGCGTACATTTATAT-1,2
ACACAAAGACGGGTGG-1,2
GCTCTAAACCCTGACG-1,2
TCAAACAACCGCGTCG-1,2
AAAGGGATGTAGCAAG-1,2
TTGTTCAGTGTGCTAC-1,2
AGTCTTCTCCTCAAAT-1,2
CTCGCACCTATATAGT-1,2
AACCGAGCTTGGTCAT-1,2
CACGCACAGCGCAGCT-1,2
TGCAGGATCGGCAAAG-1,2
AACGATATGTCAACTG-1,1
TTGACCATGTTCTCCG-1,1
CGCCATCCGATTATGA-1,1
TGTTGTCAAGAAGTCT-1,1
CACCTTGCGAAACTCG-1,1
CCAGTCTAGACGGCGC-1,1
GTGAAACGGCGCCACC-1,1
TTGATGTGTAGTCCCG-1,1
AGCGCGGGTGCCAATG-1,1
AGTGGCGGCAATTTGA-1,1
CTCAGTCACGACAAAT-1,1
CGGTTCAAGTAGGTGT-1,1
TATCACCCAACCGACC-1,1
TGGAACCACTGACACA-1,1
TTCTTTGGTCGCGACG-1,1
CCGTGGAACGATCCAA-1,1
TCGCTCGGCACCAGCG-1,1
CTCTAATGCATTGATC-1,1
TGGTTTAAACGTGGGT-1,1
TCCAGATGTACGCCAA-1,1
GACGTTCGTAAATACA-1,1
ACGGGCGTATGCGACA-1,1
TAAATCTTTACACCTC-1,1
AGGAGACATCCACAGT-1,1
GGAACGGCCTGCAGCC-1,3
TAATGAAAGACCCTTG-1,3
TTGCGTAGTTTGAGGA-1,3
CCCGGTGGAAGAACCT-1,3
GATTCCTATACGGCGC-1,3
ACCCACCTACATGCTC-1,3
CACACAGGGATAGATT-1,3
TCTTACGGCATCCGAC-1,3
GAAAGTGACTAACTGC-1,3
AGTATAATACTAGGCA-1,1
ATGAGGAGTGTTAATC-1,1
ATCCAACGCAGTCATA-1,3
AGTCGGCCCAAACGAC-1,2
ACTACCAGCTCTCTGG-1,2
ACACCTTAAGTAGGGC-1,3
TTCGCACTCGCGTGCT-1,2
CGCTGTGACGCCGCAC-1,2
GTTTCCTGGAGGGTGA-1,2
TCAACCATGTTCGGGC-1,2
TCCGATGGTGCGACAT-1,2
AGCGACCAACGATATT-1,2
ATCGCACGCCGGGAGA-1,2
AATGCAACCGGGTACC-1,2
TATGCTCCCTACTTAC-1,2
ACGATCATACATAGAG-1,2
ATGCATGATCCAGGAT-1,2
GATTCCCTTGTCGCAG-1,2
ACTCAATAAAGGCACG-1,2
TAAGGCAACATAAGAT-1,2
GGTTTACAATCTCAAT-1,2
ATAACGGAGTCCAACG-1,2
GACAACGACCATTGAA-1,2
AGTACGGGCACCTGGC-1,3
AAGGTATCCTAATATA-1,1
CAGTGAATAAATGACT-1,1
CATTTAGCGGACCATG-1,1
TCGCTTTAAACGTTTG-1,1
GGGCTCATCGAACCCA-1,1
CAGTAGCCCACGCGGT-1,1
TAATCGATCCGTACGT-1,1
CCTTTCAATGAAGAAA-1,1
ATAGGCTAGCTTCGCA-1,1
CAGTCGAGGATGCAAT-1,1
AATGATGCGACTCCTG-1,1
GCCAATAGGGCATCTC-1,1
ATTAGATTCCTCAGCA-1,1
GGGTCGTGGCAAGTGT-1,1
ACGCAATCACTACAGC-1,1
GTCTCGACTAAGTTTG-1,1
CGCAGATCTTCACCCG-1,1
CATTGCGGGTCAATTC-1,1
TACACCGTCGTTAGTC-1,1
GAAGGCTACCATTGTT-1,1
AGTTTATGTAAAGACA-1,1
CAACCTGAACCTGCCA-1,1
TTAAACCTGGTTCCTT-1,3
AGTTACCGCACATGGT-1,3
TGGTGATCGTATTTGT-1,3
TGGAATTAGACGCTTT-1,3
TTATGTTTGCGATAGA-1,3
CATAGCCGCCCGGGAT-1,3
ATTCCCACATAAACAA-1,3
CAGTTCCGCGGGTCGA-1,3
CGCAATTCTACAATAA-1,3
AGGCTATGGTTAGCTT-1,3
TCCTCTACGAGATGGC-1,3
TCAGTACTGACCCGCG-1,3
GTAAGTAGGGTATACC-1,3
TGGCCGTATATTGACC-1,2
GCTCTATGTTACGTGC-1,2
GAATCGACATGGTCAC-1,2
ATCTTGACCTGCAACG-1,2
CAGATACTAACATAGT-1,2
ATAGAGTACTGGGACA-1,2
CCTGCTATTTGAGAAG-1,2
CATTATGCTTGTTGTG-1,2
TATGGATGTGCTACGC-1,2
AGACCCGCCCTCCTCG-1,2
GCTCTCGGGTACCGAA-1,2
TCCCAAAGACGAAGGA-1,2
GTCATGGACATGACTA-1,2
TTATATTTGGCAATCC-1,2
CATGGTCTAGATACCG-1,2
CTAGTTGGGCCCGGTA-1,2
CAGAGCATGAGCTTGC-1,2
GGCTCTGCTCCAACGC-1,2
CAATAAACCTTGGCCC-1,2
ATCTGGTTAAGACTGT-1,2
GTGTACCTTGGCTACG-1,2
CGGTCAAGTGGGAACC-1,3
GGAGCACCAAGAACTA-1,1
CTAAATCCTATTCCGG-1,1
AGGCAGATGCGTAAAC-1,1
AGAGAACCGTCTAGGA-1,1
AAGATTGGCGGAACGT-1,1
AAGGGACAGATTCTGT-1,1
AAATTACCTATCGATG-1,1
TTACAGACCTAAATGA-1,1
CATGCGACCAGTTTAA-1,1
CTATAAGAGCCAATCG-1,1
GTACTCCTGGGTATGC-1,1
AGGTCGCGGAGTTACT-1,1
GCCAACCATTTCCGGA-1,1
CGTTGTAAGATTGATT-1,1
AATCTATGCCGGAGCC-1,1
TATGATCCGGCACGCC-1,1
TGGTTAAGGGCGCTGG-1,1
GGTTTAATTGAGCAGG-1,1
GGTACACCAGATTTAT-1,1
ATCTTTCGTATAACCA-1,1
AAAGCTTGCCTACATA-1,1
GCTAAGTAAAGGCGAT-1,3
GACTGCGGCACGTGTA-1,3
TTATCGCCTGCGAAGC-1,3
TCGTCACACTGTTAGC-1,3
GGTGCTGATCACAAAG-1,3
GGTTAGTTACGGCGCC-1,3
ATTCAGTAGCAGGGTC-1,3
AAGAGATGAATCGGTA-1,3
TAACGCTTTGAGAGCG-1,2
GAGGAATGGAGAGGTT-1,2
TTGATTATGCAGATGA-1,2
TTATGACAAACTGGAT-1,2
CGCAAACACGAGTTAC-1,2
ACTGTAGCACTTTGGA-1,2
TGCGCGATTAACGGAG-1,2
GACTAAGTAGGCTCAC-1,2
ATGCACTACCGCATTG-1,2
GATCGACACTATCTGA-1,2
CCTACTGCTTACACTT-1,2
CGCGTTCATGAAATAC-1,2
CCAGGGACGTGGCCTC-1,2
GTACTAAGATTTGGAG-1,2
CGCATTAGCTAATAGG-1,2
CACCGCCAGAAGGTTT-1,2
ATGGATTGACCAAACG-1,2
CTACTGCCACCTGACC-1,2
AGCACCAGTACTCACG-1,2
TCTACCGTCCACAAGC-1,2
TCCCGCGTACTCCTGG-1,2
ACACGGGAACTTAGGG-1,2
AGAACGTGGTACATTC-1,2
ACTTCGCCATACGCAC-1,2
TCGTAAGACGACATTG-1,2
GCCCGTAATACCTTCT-1,3
TTGTAAGGCCAGTTGG-1,3
TAATAGTGACGACCAG-1,1
CGAGTTCTGTCCCACC-1,1
AAGGATGAGGGACCTC-1,1
GAGGGCGCAGCTCTGC-1,1
CCAGTAGTCTGATCCA-1,1
ATAGAGTTATCAACTT-1,1
GATCCTAAATCGGGAC-1,1
CCTCACCTTAGCATCG-1,1
AACATATCAACTGGTG-1,1
AATATCGAGGGTTCTC-1,1
ATAAGTAGGATTCAGA-1,1
CTAATTCTCAGATATT-1,1
TGATCCCAGCATTAGT-1,1
GAAACCATGGTGCGCT-1,1
GACTCCCAGAATAAGG-1,1
CCGCTTGCTGACATGG-1,1
TTGATAGTCAATACAT-1,1
CATTACATAGATTGTG-1,1
GGCCCGTATACCATGC-1,1
GAGATGACAATCCTTA-1,1
GAACGATAAGTTAAAG-1,1
TGATAGCGGGATTCTA-1,3
GCATTCGAAATGAACA-1,3
TAACAATATTTGTTGC-1,3
GATATGGATTACGCGG-1,3
TCACATCTTATCTGAT-1,3
TACCTGCTGCACTGTG-1,3
GAAACTCGTGCGATGC-1,2
CCGCACGTGACCTCGG-1,2
GGGTATGTATGCACTT-1,2
GAATTTCTCGCTGCAG-1,2
GACGTGTAGGGATTAT-1,2
CTAATTCGCACGCGCT-1,2
GGTTAGGCTTGGAGAA-1,2
AGGCCACCCGTTATGA-1,2
CGTGTCCCATTCGCGA-1,2
AACAACTGGTAGTTGC-1,2
CGCAATTAGGGTAATA-1,2
AGACTAGCCTTCCAGA-1,2
AAGGAGCGGTTGGTGC-1,2
TGATCTCCGGCGCCAG-1,2
GTCCGGCTGAATTGCG-1,2
TGATCGGTTTGACCCT-1,2
GAGACTGATGGGTAGA-1,2
GGGCGATATGTGTGAA-1,2
GATCCCTTTATACTGC-1,2
ACTTTCCTATAGCTTC-1,2
ATAGGTTGGGCAGATG-1,2
ACCGACTGAGTCCCAC-1,2
GATCGGTGGCCATAAC-1,2
TTGGGACACTGCCCGC-1,2
TCAGGGTGTAACGTAA-1,2
TCGCTGGGCGGATTGT-1,2
TGGCCAAACTGAAGTA-1,2
CAGCAGCCCGTTCCTT-1,2
CGCGGGAATTAGGCAG-1,3
ACAATTTGAGCAGTGG-1,3
CCAGATAGTTGAGTGA-1,1
CAATGGATCTCTACCA-1,1
TAAAGCGTTAGGAGAA-1,1
CAGCTCGACAAGTTAA-1,1
ATAGACAACGGGACCT-1,1
GCGCTGCTTTGCATTT-1,1
GACTCGCGGGAATGAC-1,1
TCCGGCCTAGCGTACA-1,1
ACGCTAGTGATACACT-1,1
CCTCACCTGAGGGAGC-1,1
ACGAGTACGGATGCCC-1,1
TTCTGCTAGACTCCAA-1,1
GCATTCAAGGCAACGC-1,1
GTCGTGTCTGGTCATC-1,1
CGGCCCAACCTGTAGT-1,1
TCCCTAGATCAATAGG-1,1
CGCATCCATCAGCCAG-1,1
CGAGGATCGGGAACGA-1,1
TCTGACGGGCTAACCC-1,1
AGAGTATAGTGTTACG-1,1
GTCAGTTTGGTAGTCG-1,3
AAAGACTGGGCGCTTT-1,3
CCAGCTTCCGCCCGCA-1,3
AGAGCAGTTATGAGAC-1,3
TATGAAGACAGGTGCG-1,1
TAGGTCCAAGTAAGGA-1,2
AACAATTACTCTACGC-1,2
AACTTGCCCGTATGCA-1,2
TTCGTACTCCAGAACG-1,2
AACAGGATGGGCCGCG-1,2
TAGGTGAGCCCTACTC-1,2
GAAGCTTGCTGACCGC-1,2
ACAAGGACAAGAGGTT-1,2
GTGGGCTTAGACACAC-1,1
TGGAGTGATGCGATGA-1,2
CCTGGCTAGACCCGCC-1,2
TCGAAATTTAGGACCA-1,2
TTGATCTAACTTTGTC-1,2
ACTTGGGACCCGGTGG-1,2
CAGTTCAAATTGACAC-1,2
CTGGAAATGGATGCTT-1,2
TAGAGTCTAAGCGAAC-1,2
TAGCTAAGTCCGGGAG-1,2
CTCGAGGTCGAACAGT-1,2
GTCATGCACCTCCGTT-1,2
TCGCTCGATATATTCC-1,2
CAATTAAGGGTGATGA-1,2
CCTGTCACCCGGGCTC-1,2
CCTATGGGTTACCGTC-1,2
CGAGGCTAAATATGGC-1,2
CGAGAGATGTGAACCT-1,2
AGATCTCAGGTGTGAT-1,2
GCTTCCGTCCCTAGAC-1,2
TGTATAACAGATCCTG-1,2
TGCATGTGGTAATCTA-1,1
GAGCTAAGGGCATATC-1,1
CCACAATGTACGTCTT-1,1
TGTGGCAAAGCGTATG-1,1
TCCGTTTAGCCTTGAA-1,1
GCCTATAGTGTCAGGG-1,1
CTACTATCTTTCAGAG-1,1
GCGCATCCAGTCAGCA-1,1
CTGGTAACGAGCTCTT-1,1
TCTAGGTGGCGACGCT-1,3
ATCTGCACCTCTGCGA-1,1
AGTGAGCCTCGCCGCC-1,1
GGTACCATTAAGACGG-1,1
TAACTATTACGCCAAA-1,1
AGTACATCATTTATCA-1,1
AGTCTAAAGTATACTC-1,1
AGGGAGACATACTTCG-1,1
TCCCGTCGCGTCATAG-1,1
CTGCACCTAGTCCACA-1,1
CAATGAGGTTCGACTA-1,1
TTCTATGCCTTTCGCA-1,1
CCATTGTTTCCTCCAT-1,2
AATGGTCCACCGTTCA-1,3
TGTCCGTGGCGCCTTT-1,3
TCCTCTCCAGTTGTCC-1,3
CCGCGTAGGTAAGGGC-1,2
TATCTACAGAGGTAAT-1,2
ACAAGCAGTGCCTAGC-1,2
TCGGAATGCGCTCTGA-1,2
TATGGCCCGGCCTCGC-1,2
GTCAGAATAGTCTATG-1,2
CGGAGTTTGAGAGACA-1,2
TCCACAATGGTTTACG-1,2
ATTTACAGTTTACTGG-1,2
CAAACGGTCGCACTTT-1,2
TCAGGTTCTTTGAGAA-1,2
TTAAGCGCCTGACCCA-1,2
AAGGCTGTGCTCATCG-1,2
TCCCAGGCTTAGCTAA-1,2
AGTTCCTACAGAATTA-1,2
GAAATGGCGGTGTTAG-1,2
ACCACAAGTTTCTATC-1,2
GATCATTCCAAACATT-1,2
GTTTGACCAAATCCTA-1,2
TGCAAGAATGACGTAA-1,2
TCCTTTCTTACGCTTA-1,2
ACTGTCTTCTTTAGAA-1,2
CTATGTCACTAGCCCA-1,2
TTAATGTAGACCAGGT-1,2
GGCAATAGTCAATGAG-1,2
GACACAAGGGAAGAAA-1,2
GAGATCTGTCACTCCG-1,2
TTGGGCGGCGGTTGCC-1,2
ACTGTACGATACACAT-1,2
GGTCTGAGAATCTGGA-1,2
TATGTCTCATTGTGCC-1,1
TGAGTGGTCCGTGACG-1,1
ACCCAACGCCCGTGGC-1,1
AGGGTTCCCTTTGGTT-1,1
GCATGAGGGACGCGGC-1,1
TCACCGCTCGGCACTC-1,1
CTAACGAAACTTGCTG-1,1
TACTTTACTGAGCCGG-1,1
CGGTTATCCAACAGTG-1,3
GACGGTCAATAGAAGC-1,1
CCATACCTTTACTTGT-1,1
GTGAACTCCCATTCGA-1,1
TCAGAACCTCCACAGG-1,1
ATCTTGACTTGTCCAA-1,1
GTTAGCCGTAAATCAA-1,3
GGGTGCATATGAAAGC-1,3
TGATGGCTGTTTCTGA-1,3
CCACTATCCGGGTCAC-1,3
CGCGGTAAGTCTAGCT-1,2
AGGATTGCTTACGACA-1,2
GTCGTCTGGTTGGCTA-1,2
TCAACTAACGTATAAC-1,3
TGTGTTCGTATCCAAG-1,2
CTGCGGGTGAAATGTT-1,2
CTACTCTAGGCCCGGC-1,2
TACAAGTCTCGTGCAT-1,2
TCGCGTCCAGAAGGTC-1,2
GCTGGCATATTCACCT-1,2
GGCGTCCTATCCGCTG-1,2
AGCACTTAAGGACGCC-1,2
CCAACGATGCACTGAT-1,2
CCCTGAAATGAGTTGA-1,2
TGATTCGTCTATCACT-1,2
CACGCAGCGAGGCTTT-1,2
CTTACACGGTATTCCA-1,2
GACCAGAGCCCTGTAG-1,2
ATTGAAGATCTTAGTG-1,2
GGGCTGGTTAGTCGCG-1,2
TACGAACACGACTTCA-1,2
ATATTTAACCCTCAAG-1,2
TCCAGGCGAGTACGGT-1,2
CACAGCACCCACGGCA-1,2
GCGAAGCCATACCCGT-1,2
GCTGCTCTCCGGACAC-1,2
TCAAACTTAGATTGTT-1,2
TGCGCAAAGCATTTGG-1,2
GGCGGTAGGATCATTG-1,2
ACACGAGACTCCTTCT-1,2
TCAGCAAATGCATCTC-1,2
ATGCCGGTCTTGCATA-1,2
TTGTTGTGTGTCAAGA-1,2
TCCACTTTATCTAGGT-1,2
TAGAAAGGTGGCGCTA-1,1
GGATTTCACTTCTATA-1,1
CGCTTTCTTGCATTCG-1,1
GAACGTCTCATGGTCG-1,1
GTAGCTTCCTCTTGTT-1,1
CTACCCTAAGGTCATA-1,1
GGCTCGCGTTGAGGTA-1,3
TTAAACTCGAATTCAT-1,3
GCTTGGATCGATTAGG-1,3
CAGACCTGTAAGTGTT-1,1
CTGACTGCGCAGCTCG-1,1
GTAATAAAGGGCTCCC-1,1
GTGGTTACTTCTTTCG-1,3
TCCCACTCTCTTCCGG-1,3
TCGGGAACGTGCCTAG-1,0
ATTTACTAAGTCCATT-1,2
TCCGAATGGTCCTGAG-1,2
AAATAAGGTAGTGCCC-1,2
ACACCACATAATTAGC-1,2
GCGGGCATTACGATGC-1,2
CTCGGGATAACACCTA-1,2
GCAATTAGTCGCACCG-1,2
CTTTGGCGCTTTATAC-1,3
TAGATTCCTGGTTATT-1,2
CCATGGCCCTTGTACC-1,2
ACGAAATGGGCGGCAC-1,2
CCGCGGGTACGAAGAA-1,2
CAGCTTAGTAGGTAGC-1,2
ACCTAATCGACTTCCT-1,2
TCCGATTACATTGCCG-1,2
GTTCACAGGAGTCTAG-1,2
GTCGGATATCTCAGAC-1,2
CAAGCAACGTCGGAGT-1,2
CTTTGGCTTTAGTAAA-1,2
CCATTAGCGATAATCC-1,2
AGATAACTTCAGGGCC-1,2
GGCGGAGTAATATTAG-1,2
TCACAGGTTATTGGGC-1,2
TTGAAGAATTCCCAGG-1,2
TAGTGCCCTCCAGAGT-1,2
CGTATTAAGAGATCTA-1,2
CGGGCAGCTAAACCGC-1,2
TATGGGTACGTATCGT-1,2
GGGACTGCATAGATAG-1,2
CTCTGGACGCCTGGTG-1,2
GGGAGAACTCACAGTA-1,2
TCTTCGATACCAATAA-1,2
TCTTGATGCGTAGCGA-1,2
CTCTCACAATCGATGA-1,2
ACAACAGCATGAGCTA-1,2
TCGGAGTACATGAGTA-1,2
CCGGGCGGTCTCGTCA-1,2
GGAGGGCTTGGTTGGC-1,2
TCTGTGCCATCATAGT-1,1
GGAATGCGCTAGCGTG-1,2
GGTCGGCCAGGAGCTT-1,1
CGGGTGTACCCATTTA-1,1
GTTGGATTGAGAACAC-1,3
TAGACGCCCGTACCGG-1,3
AATCTGCGTTGGGACG-1,3
CGGCAGGGTCGGGTTG-1,3
TCTTCCCATGGGCACA-1,3
AGAATTATGGATTCGA-1,3
TAGGTCGCCGGAACTG-1,3
CTTAGTAGGCCTACAG-1,3
ACTCCCGAATTCGTTT-1,3
ACTTTACCCTCATGAA-1,0
GTTCGGGCGTACCATT-1,0
GCCATCGATGCTGCAT-1,0
ATGTAAGGCTGCTCTT-1,0
GTGACGAGGGTGACCC-1,0
CGTGTGTTAAACCCTG-1,2
CATTCCCATTCCGTCG-1,2
CAACACATCTCCTGCC-1,2
TCCCGCCTATGTGCGT-1,2
TCCGAACTTGGCTTAC-1,3
CCGACAAAGGGAGTGC-1,3
GAAATATCACCATCAG-1,2
GTGAGCGTGCTGCACT-1,2
TCCCTGGCTCGCTGGA-1,2
CACGAAAGTTAGTCCC-1,2
AAGTAGTGACGCGAGG-1,2
CCTCCGACAATTCAAG-1,2
CGAAGTTGCTCTGTGT-1,2
CGCTCTCCGTAGATTA-1,2
CCATTCCCTGCCCACA-1,2
GGCTATTAAGTTGTAT-1,2
TGTTCTTCCATTGACT-1,2
ATAGACGAAGAGAAAG-1,2
TGACCCACGTTAGACA-1,2
TCACGCATTGTAGATC-1,2
AAATGGTCAATGTGCC-1,2
GGTATTGCCGAGTTTA-1,2
ACTGTCCAGGATTATA-1,2
TTGCTGATCATGTTCG-1,2
CAGCTCACTGAGACAT-1,2
ACGCATTCGTGAGTAC-1,2
AGGGTTTAGTTCGGGA-1,2
ATCAATCTGGGCTGCA-1,2
ACGTAGATTGCTGATG-1,2
GGGCTGCCTAGGGCGA-1,2
CCAAGCGTAACTCGTA-1,2
GTCCCAACGTAAAGTA-1,2
GGGAGTTAATGAGGCG-1,2
CCGTAAGTTGGTCCCA-1,2
TCGGACGCCCAGCCCA-1,2
GTACTGGAGTTAGACC-1,2
GTGTGAATAACTTAGG-1,3
TAGCCGGCGGTCAGCG-1,1
AGTGATTCAAGCAGGA-1,3
CACACGCGCTGTCTTA-1,1
GGTTTCAATCGGTCAG-1,3
TTACGGATGGTTCGAG-1,3
GCTTTCAGAGGAGGTG-1,3
TACCGCGGACTTGCAG-1,3
ATTGATGAGTCCTAAC-1,3
TAACCTACCGTCCGAG-1,3
CTAGATGTGAGTGTAA-1,0
GTTCATCGTTTGGCTG-1,0
GCGAGAGTTGCGTCCA-1,0
CGACTTTGTATAGCCT-1,0
GCATTTCCAAGGCTCC-1,0
ACGTTCGCAATCAATT-1,0
ATTATAGCTACTTTAC-1,0
TTGGTATGGCTTGTGT-1,0
TGCCGAAAGCGTATTC-1,0
CTGCCTCATATGCAAC-1,2
GGTTACCCGACACTTT-1,2
TAAGGGCTGGGAGAGG-1,3
AGCACTACCGGCCTGT-1,3
GACCGACTGAAGCGTC-1,3
CCCTGCGCTACGCATA-1,2
TTAGTAGGGCGGCGGG-1,2
TTACCATTGATTACCC-1,2
TGTCCTAAGTCACCGC-1,2
GGCATACAGGTAGCGG-1,2
TCCCGGGTGTGCTGCT-1,2
CCTCTCTCCCATCTAG-1,2
CTAGTGAAGGACAGGA-1,2
CGTTGTTTCAATTCCC-1,2
CCAATAGTGCCGTCGA-1,2
GAGATCTGCTTGGCAT-1,2
GGCACTCCACTGGGCA-1,2
CACTTAATCAGACGGA-1,2
ATAAAGGCTCGGTCGT-1,2
GTGCTCAAGTACTGTC-1,2
TCTAGTTATCAGAAGA-1,2
TCCCAGCTTTAGTCTG-1,2
AAATTAACGGGTAGCT-1,2
GAAGCGTGAGGAATTT-1,2
ACGCGGGCCAAGGACA-1,2
TATTCGTGCCAGAATA-1,2
CTAGCATAGTATAATG-1,2
GAATTATAGTGAAAGG-1,2
GCGCTAATTGAATAGA-1,2
GGTAGTGCTCGCACCA-1,2
TATTCAATTCTAATCC-1,2
TTGAATATGGACTTTC-1,2
TTACTCCGGCCGGGAA-1,2
GCTAAGTAGTTTCTCT-1,2
GGATCCGGAATATACT-1,2
TCCGCGGCAGCATCTG-1,1
TGTAGGAGAAATTTCC-1,3
CCCAAACATGCTGCTC-1,3
TTCTAACCGAAGCTTA-1,3
AGGGTGCTCTCGAGGG-1,3
TCTGAATTCCGTACAA-1,3
CGTCGGATAGTGTTGA-1,3
TCTTTAAGACTATGAA-1,3
GATATTGAGATTGGCG-1,3
GCGTAAATGGCCATAA-1,0
TACGCTATAGAAACCT-1,0
AGATGATGGAGTCTGG-1,0
TCAAGAAATACTAGCT-1,0
CAAGGTCCTATAGGCT-1,0
ACCTCCGTTATTCACC-1,0
GGTATAGTGACACATA-1,0
TCTTTAGCAGGCGAAC-1,0
TCTGATCGGGTGCTAG-1,0
GGGCGCAGCGTTACTC-1,2
TAAGCAGGCGACACGC-1,3
GAAAGCCCTTTGGACC-1,3
CGGTGAAGACTAAAGT-1,2
TACTGGACAGCTCGGC-1,2
GAGGCTATCAAAGTCG-1,2
ATACCACGGGCAACTT-1,2
AGGTAGGTACAAAGCT-1,2
TGTAGTGATCTATAAT-1,2
TACGATGTTGATCATC-1,2
GCAGGACTATAGAATA-1,2
TACGAGAACTTCACGT-1,2
GCAAATATTACGCTTT-1,2
ATTGCTGCTCCTCCAT-1,2
GCCGAAATTCCTACGT-1,2
GGGTCACCGTGACGGT-1,2
CGTTTCGCTCATTACA-1,2
CACTAAAGTTGCCTAT-1,2
CCATGCCTGTTTAGTA-1,2
TTGTAATCCGTACTCG-1,2
CTACGCACGGAGTACC-1,2
CGGCCACGCACAAAGT-1,2
ATATCTTAGGGCCTTC-1,2
GCGAGTTCTGCAAAGA-1,2
AGGGCTGCAGTTACAG-1,2
TAGGTTCGAGTTCGTC-1,2
CTATCGGGTCTCAACA-1,2
ATGCGACAGTCCCATT-1,2
AAGCTCGTGCCAAGTC-1,2
TTCAAAGTCTCTAGCC-1,2
AAGAGCTCTTTATCGG-1,2
AAACGAGACGGTTGAT-1,2
ATAACGCCGGAGGGTC-1,2
TGAAAGGACCTGACTC-1,2
TGCATATGTCTGTCAC-1,1
AGTGAGACTTCCAGTA-1,3
GCTTATGAAGCAGGAA-1,3
GGATGTCCTTACCGCA-1,3
AACTCTCAATAGAGCG-1,3
GCGTGGTACTGGGTTA-1,3
ATATGTCTCCCTAGCC-1,3
TCATTTAAGTCTCCGA-1,3
TGACATCGAGCGGACC-1,0
ATTGTACAACTCGGCT-1,0
CACCCAAATCTTATGT-1,0
CCACGGTGCCCGGTAG-1,0
AGGTATAATTGATAGT-1,0
CCGGCACGACCGTTTC-1,0
GCAGCCTATATCACAT-1,0
AAATTCCAGGTCCAAA-1,0
TATTGACATTTCTGCC-1,2
GGCCCGGAGCATGTCT-1,2
TTGGCGATCCGAATAT-1,2
TGTGCTTTACGTAAGA-1,3
TATAGGGTACTCATGA-1,3
AATATTGGAGTATTGA-1,2
AACCAAGACTTCTCTG-1,2
ATTCGACGCCGGGCCT-1,2
GTACTCCCTTATCGCT-1,2
AATAACAACGCTCGGC-1,2
ACAATCCATTTAAACC-1,2
TTGCCCTGATCACGGG-1,2
CTAAAGAATGCCTACT-1,2
GATCTTTGCAGGGTAT-1,2
GCCGCTTGTGAGAAAC-1,2
CGACAGTTCGCGTTAT-1,2
TGTTCCGCTTCCATGA-1,2
GAAGTTTCCACTCAAT-1,2
CATACTATGTAATTGT-1,2
GTTGGATTTGCGTTGG-1,2
GATCGCGGGCTCTCCA-1,2
AGATTATAGGACGTTT-1,2
TATGGGACCGAGCAGG-1,2
TATGGTCTGAGTAACA-1,2
CTTCATTGTCAGTGGA-1,2
CCTGTCGCCCGTAAAT-1,2
GTACACTTACCTGAAG-1,2
ATGGAGCAGGCCGTGA-1,2
AAGACTGCAAGCTACT-1,2
ACTCTTGTATAGTAAC-1,2
TTCGGGACTAATCGCG-1,2
AACGTGCGAAAGTCTC-1,2
CCGCACAAAGACCAAC-1,2
ACTCGTCAGTAATCCC-1,2
AAGAGGCATGGATCGC-1,2
CTATTTGGTTACGGAT-1,2
GGGCCGGCCGAAGTAC-1,3
CCGGGCTGCTCCATAC-1,3
CCTAGGCGTAGCGATC-1,3
ACTTATACTTACCCGG-1,3
ACCGATGGTAGCATCG-1,3
CATAACGGACAGTCGT-1,3
TAGGGAGCTTGGGATG-1,3
TATATCCCTGGGAGGA-1,3
GTGCGACAGGGAGTGT-1,3
ACGATCATCTTGTAAA-1,0
CTAGGTCTGAAGGAAT-1,0
AAATAGCTTAGACTTT-1,0
ATAAGTAGGGCGACTC-1,2
AGGGACCGGCTGCGTT-1,2
GCTTACGTAGTTAGTA-1,2
CCTGTCCCTCACGTTA-1,2
GTTAAGTTAGAGTGGG-1,2
AACCTGTCACGGAATT-1,2
CCGTGAGGCATTCATG-1,2
AAAGTCGACCCTCAGT-1,3
AGGTGTATCGCCATGA-1,3
AAACCTCATGAAGTTG-1,3
CCAGCTGATGGTACTT-1,3
GGCCCTCACCCACTTA-1,2
TCGTATTACCCATTGC-1,2
GGCGCAGGACATCTTC-1,2
TGGTCTGTTGGGCGTA-1,2
CATACCCGTACCCAGT-1,2
GTTACAATTGGTGACG-1,2
CTAACCGCGCGCCCGT-1,2
ACCCATCTTGAGGGTA-1,2
GGGTACTTCATGAACT-1,2
CCTGTAAGACATGATA-1,2
ACGATGCATATGTTAT-1,2
GGATGACGCGAGTTTA-1,2
GCGAGGCCCGAGCAGA-1,2
CCAATGTCACAGCAAG-1,2
GGGAGGATGCCCGAAA-1,2
GTTCGCCATAAGTGCC-1,2
TCGAGACCAACACCGT-1,2
GATGCGTCCTGCATTC-1,2
GCATAGAGCACTCAGG-1,2
GCAGATTAGGGATATC-1,2
CAATTTCGTATAAGGG-1,2
CCAGCCTGGACCAATA-1,2
GTCATTAGAGCGAACG-1,2
CTAGTCACGTCTTAAG-1,2
ATTAGGCGATGCTTTC-1,2
TGGACTGTTCGCTCAA-1,2
CCACCCAAGGAAAGTG-1,2
GCGATTGTTAACGTTA-1,2
GGTGATAAGGAGCAGT-1,2
CACGTTCGTGCTCTAG-1,2
GTACAGAGGCAAGGGT-1,3
CTGGCGCACAGGTCTG-1,0
GAAGTCTCCCTAGCGA-1,0
CGAGTTTATCGGACTG-1,3
TGACGATGCACTAGAA-1,3
AGGGTCGATGCGAACT-1,3
CATCTTACACCACCTC-1,2
CCGATCTCAACCTTAT-1,2
GAAAGAACAGCGTTAT-1,0
ATATCAACCTACAGAG-1,2
GCGACATGTAAACATC-1,2
GCGAGCGCATGCTCCC-1,2
CCTATGAAGTGGTGCC-1,2
CATACTTAGGCAATAC-1,2
CAATGTGCCAACCCTT-1,2
CTGGGATACGCTACCC-1,2
ACTGCGGACACACCGT-1,2
GCCCAGATGCTGGAGA-1,2
CCCTGACTAACAAATT-1,3
GCATACGAGGTCTTTA-1,3
GGGCCCTACGAAAGGG-1,3
GGTACATCTGGGACGA-1,3
CCGATTCGAGGGACCC-1,3
GACAGGCACACACTAT-1,2
CTACGACTAGCTATAA-1,2
ATCCTGAATCGCTGCG-1,2
ATAAATATTAGCAGCT-1,2
TCCTGCGTTGATACTC-1,2
CCGGGTTCGAGGTTAC-1,2
TGATTTATTAGCTGTG-1,2
GACGCTTGCTTCTAAA-1,2
GCGGCTCTGACGTACC-1,2
GAGAGGGCGCGAGGTT-1,2
GCAGCACACAGCCCAG-1,2
AACTCAAGTTAATTGC-1,2
TGCAGAGTACCGAGCA-1,2
CGCTACGGGACATTTA-1,2
CGATCCGACCCAGTGC-1,2
ACTTATTAGGATCGGT-1,2
TTCACGAAAGGATCAC-1,2
ACCATATCCGCAATAA-1,2
TGTACGAACAAATCCG-1,2
CGCTATTCTTAGGCTC-1,2
TCACGTGCCCGATTCA-1,2
CACATGATTCAGCAAC-1,2
TGCTGTTGAAGAACTC-1,2
TAGCGTTGGGTCTTAC-1,2
TAACATACAATGTGGG-1,2
GATCGTGACTGATATC-1,2
TTATATACGCTGTCAC-1,2
AGCTCTAGACGTTCCA-1,2
CGAGGGACTGCGGTCG-1,2
CTTGTTGCTGAGTCAA-1,3
TTATGATCTTAACGAA-1,3
AGAAGAGCGCCGTTCC-1,1
AGTCGACGGTCTCAAG-1,0
GTATGTGGGTCTAGTT-1,3
TTAGCTGATTTGCCGT-1,3
TATTACCATCCTGCTT-1,3
CCATCTCACCAGTGAA-1,3
ACCCGGATGACGCATC-1,2
ATAGTTCCACCCACTC-1,2
TAGACTACCTAGCGTT-1,2
GACTCACCCACGTGAG-1,2
ACTATCCAGGGCATGG-1,2
ATATCGGTAGGGAGAT-1,2
GACCGACGTGAAAGCA-1,2
CCGGTAATGGCTAGTC-1,2
GTCTTGAGGAGCAGTG-1,2
TTGAGCGCCACGTGAT-1,2
ATGGAACCTTTGCACA-1,2
ACTTTGACTGCATCCT-1,3
ACGCTGTGAGGCGTAG-1,3
TCGGGATTCAAACATA-1,3
CGCCAAGAAGCCGAGT-1,3
GGATGCTGGCGTTCCT-1,3
CCACTGGTGGCTGGTT-1,3
TCAACGCGACCGGCAG-1,2
CGGTTGACCTGGCATA-1,2
GTTTCATATCGTCGCT-1,2
AAGAGGATGTACGCGA-1,2
CGTGCATTGTCGACGC-1,2
CCCAATTTCACAACTT-1,2
TGGAAGAAGGGAACGT-1,2
GGGAACGGGAGGTTAG-1,2
ACGTTAGATTTGCCCG-1,2
GCGTCTCTGCATTGGG-1,2
CAGGCCGTTTGGGTGT-1,2
CTTCGTAGATAGGTGA-1,2
GAAGTGATTTATCGTG-1,2
CCACACTGAGATATTA-1,2
CTGTACTTCTTAGCAT-1,2
TAGTCCGCAGAGAATG-1,2
TACATTTCTAACGTGC-1,2
CACTCAAGAGCTATGG-1,2
ATCATCCAATATTTGT-1,2
TGGCAGCAGTAATAGT-1,2
CATACGGCGTCTGGGC-1,2
GCTAGTAGAGCTTGTA-1,2
CGGAGCATGGCGATCC-1,2
GTAGCGGCTATACACT-1,2
TCTTCGAATAGACGTT-1,2
GATCCGGGAATTAACA-1,2
GTCGCGTAACCCGTTG-1,2
GTCAAGCGGACTCGGG-1,2
AATCGCCTCAGCGCCA-1,3
GATATGAGACACTAAC-1,3
CGCCGCCCATGCCTGT-1,3
CGCACATGTCCACTAC-1,0
GATAACTCGCACTGTG-1,0
GTGACCGCACACTACG-1,3
CTTGAGTTAGGGTAAT-1,3
GCTGTTGCTACCGAAC-1,3
TTGAATTCACGTGAGG-1,3
CGCACGTGCGCTATCA-1,2
CGCTAGAGACCGCTGC-1,2
GCAGACCCAGCACGTA-1,2
GGTTCTACTCGTCTGA-1,2
AGCTCTTCGTAACCTT-1,2
AAGGATCGATCGCTTG-1,2
TTCCAGACGAGATTTA-1,2
CCTGGAAACGTTCTGC-1,2
GCCGTGGAAGAAATGT-1,2
TCCCAAAGCCCTAAAT-1,2
TTGAGTCCCGCTGCTG-1,2
CAATACGCTCTGAGGC-1,3
AGTGGCTCCGTCGGCC-1,3
GCTACAGTACGGACCG-1,3
TTCAGGCGTCAAAGCC-1,3
AGAGATCTCTAAAGCG-1,3
GTGGCGGTCCCAGCGT-1,3
CCGTTCCGAATCTCGG-1,3
CCTGTACTCACGCCCA-1,2
CTCACTTGGCTGGTAA-1,2
CCCGTAAGTCTAGGCC-1,2
ATTACGCGCTGGCAGG-1,2
TACGTTTACCGGCAAT-1,2
TAGTCTAACAACGAGA-1,2
TCTGGGTAGCGCTCAT-1,2
AGATACCGGTGTTCAC-1,2
TCCAACTTTAAATTCT-1,2
GTCTATCTGAGTTTCT-1,2
AGTTAAACACTTGCGA-1,2
ATCCAGGATTCGTGAA-1,2
CGATACCTCGCGGACA-1,2
AATTAAAGGTCGGCGT-1,2
GACCGTGCTGACGGTG-1,2
GGTACAAACATGCTAT-1,2
CGTGAAGTTAATTCAC-1,2
TACGCCATATTCTAAT-1,2
TACATAGGCATACACC-1,2
CTGCCATGCATCACAT-1,2
GCTGAGGCGTGAGTAT-1,2
CGCATGGTGCGATGCT-1,2
CAAGGATCGCATGTTC-1,2
TCCAGAGCACCGGTTC-1,2
GTTTCTGCAGTCTCCC-1,2
CGTGCAGACTGGGACA-1,2
TCCTCGGGCTGGGCTT-1,3
ATACGCCGGCGAAACC-1,3
TTCTGCGGGTTAGCGG-1,3
GTAAGTAACAGTCTGG-1,0
ATTTGTCTTGGGAGCT-1,0
TAGGTGCTCGCCTAGC-1,0
TCGGGCCGTCGTGGTA-1,0
TGCAGTTTCCTCCCAT-1,0
GAAACAGATGACCACC-1,3
CAAGTGTGGTTGCAAA-1,3
AACCCTACTGTCAATA-1,2
TCTGGGAACCTTTGAA-1,2
GCGCAAGAGCGCGCTG-1,2
TATAGATGGTCGCAGT-1,2
ACATGGCGCCAAAGTA-1,2
CATGACTTCGCTGAAT-1,2
TCTTAGAGCTCCAATT-1,2
TTCTTGCTAGCATCTC-1,2
AGTCGGTTGCGTGAGA-1,2
GAGGATAAACAGTGCT-1,2
GGAGGCCGAAGTCGTC-1,2
TAAAGACAACCCTTTA-1,3
GCTGAACTCTCCAGGG-1,3
TGGTAAGCAGGATTGA-1,3
GATCGGATAGAACCAT-1,3
TCTATTACTAGAGGAT-1,3
AGACCGGGAAACCCTG-1,3
CCCTGCCCAATCCGCT-1,3
GCATTGTAATTCATAT-1,3
AGCTTGATCTTAACTT-1,3
AAGTGACGACCGAATT-1,3
CGCCTGGCCTACGTAA-1,2
TTGGACATGTGGCTTA-1,2
ACGCGCTACACAGGGT-1,2
CGAAACGCAATTCATG-1,2
TTGCATGCTGATCACG-1,2
ACATCGGTCAGCCGCG-1,2
GATTACTGAATTTGGG-1,2
TCCTAGCAAAGAAGCT-1,2
GATGTTCAATCCACGA-1,2
AGCTCTTTACTCAGTT-1,2
AGTCAACACCACCATC-1,2
TACAACGCACAACTCA-1,2
TACGCAGTTCTTTCCT-1,2
GGCAAATTACTTTACT-1,2
CGGGCCTTCTTTGTAA-1,2
ATAGTGAAGCGTTCTC-1,2
GCCGGGTTAGGGTCGC-1,2
GCCGATTGGCCAAGCT-1,2
TTATGAATGAAAGGGA-1,2
GCGCCGTTCCACGATA-1,2
AGGTTTCACACACCTT-1,2
ACGTTAATGTCGAAGA-1,2
GATTCGACGGTTCACG-1,2
GCTGCACGGTTTCTTA-1,3
GTGTTACTATGCGTCC-1,3
GTGAGGACACTTAAGG-1,3
TCTGCCAGAAACTGCA-1,3
CTCGGTACCACTGCTC-1,0
GTGCGTGTATATGAGC-1,0
CCTCGGACCGGGATAG-1,0
AGTGCTTGCACGAATA-1,0
TGAGAGATTTACCACG-1,3
AGCAACATATCTTATT-1,3
GCCTCATCTGGAAATA-1,3
ACGTATTACTCCGATC-1,2
GCTCGCTCATGTCCAA-1,2
TTGACGCTCCATGAGC-1,2
TTACATGCCACAACTA-1,2
TATGGTTAGTGGGAGA-1,2
ACCACCAATGTAACAA-1,2
CCACGAATTTAACCTC-1,2
ACACCTTACTACTTGC-1,2
ACCTACAGTATGTGGT-1,2
TTCCGGTATCTGTGTC-1,2
TTCGCTAGGAAGTTGT-1,3
GTTGCGCTAACATTAC-1,3
TAGCTGATGTGAAGCG-1,3
TGGCTCTTGTCGCGTA-1,3
CATAAGCTCTCCGTCT-1,3
TGCAGCTACGTACTTC-1,3
TGCAGATCGTCCTAGG-1,3
ACAATAGTCGTACGTT-1,3
TGCAGAACTATATCGT-1,3
TGATCAGGGAACTGCT-1,3
AGCCCATACATGTAAG-1,2
AAACCGGGTAGGTACC-1,2
CGCTTATTCCCGGTCG-1,2
GTGGTTTCCGCCTTTC-1,2
GTGCCATCACACGGTG-1,2
CGGTGCAGATAGAACG-1,2
TGAGCCATACAGTCTC-1,2
GTTGAACCGGTTCCAT-1,2
ACCATCGTATATGGTA-1,2
AGAAGGTTGCCGAATT-1,2
GGTGCTGGTACACATT-1,2
ACCCGGTTACACTTCC-1,2
CACAATGAGCTGCTAT-1,2
GGGCCCGTCTTAAACA-1,2
GGCGCATGAATTGATG-1,2
TCAACGAGGAGACAAA-1,2
CATCGGACGGGTTAAT-1,2
TATCTACCACAGCGGG-1,2
ACATCGATCGTTTACC-1,2
GAATCTGAACATTCTC-1,2
CAGTCTGTATACTGGG-1,2
CCTAAATTAACGGTTC-1,2
CTGTGCAGGGTAGGTC-1,2
ACTTGACTCCCTCTTT-1,3
CTAGATTTACGACGGC-1,3
TGCGTTTGTTGACACT-1,3
ACTCTCTGACTTAGGT-1,0
GTTTGGCCCAAGTTAT-1,0
CCCAGTTAAGGCGCCG-1,0
GCTTAATGTAACTAAC-1,0
CTGGTAACACATAGAA-1,0
GGGATTTACCGCACCT-1,3
GAATAGACGCGACCCA-1,3
GGATGAAGATCGCTGA-1,3
AAAGTTGACTCCCGTA-1,2
CACGCGGAACTGTTGC-1,2
AGTCCATTGGCTGATG-1,2
ACATCCTGGTAACTGT-1,2
GCTAGACCGTCTACTG-1,2
GTCCATTACTGCTACG-1,2
TAATTAGGACATCCGT-1,2
ATTCGTGCTATCTCTT-1,2
GCTCCGCTCGCTTCAG-1,2
AATCGCGCAGAGGACT-1,2
CGAGATTTCGCTCGGG-1,3
AAGGCAGGCTGTCTCC-1,3
ATGAGGGCAGCGGCTA-1,3
CTTATGCGCTCAGGGC-1,3
TTGTGAGGCATGACGC-1,3
CCTTCTCAGCGTTCCT-1,3
CTCTACACTGGCGATT-1,3
TGCCAAAGTCAGACTT-1,3
CATGCCAACTCGCAAA-1,3
TCGTGTCACGCTGACA-1,3
CTTGCAACCGCCTCCT-1,3
ATCCAATGGAGGGTCC-1,2
GCAACCACGGCCGCGT-1,2
TTACTCTGGTACGTAC-1,2
ATAGGCGGCTATAGAA-1,2
CCCAACATACGTCGCG-1,2
GGGCGGGTTCCCTACG-1,2
CTCCGCCCACATGAGG-1,2
TTGACTACCATATGGT-1,2
TGCGTAAGAACCTGAT-1,2
AGGACGACCCATTAGA-1,2
GCGCTATGCCGAGGCA-1,2
TAACTCATCCGCGCGG-1,2
GTTACTTTGGGCCTAG-1,2
GAAATTGTCTCTATAA-1,2
CATATAGGTACAGTCA-1,2
TTGCACAATTCAGAAA-1,2
ATTAAACATGCGGACC-1,2
CGAGACCCTAGAGTGT-1,2
ATCGACCCAATACAGA-1,2
AGTTCCTATTTATGTT-1,2
GGAGACGACACCTTTG-1,2
GCTACGACTTATTGGG-1,2
ACGCCGCTAGACGACC-1,3
CGCCTCCCTCCTCTAT-1,3
GATGCTGTATTTCATC-1,3
GGCGAAATCTAACTTG-1,0
TAGCCATTTCAAAGTC-1,0
ATGCCATTTGCGACCA-1,0
TGTATGGCGCAGACAG-1,3
CGACAATTTGATCTAA-1,3
CGCGGCTCAACTTGAA-1,2
TCTTAGAGTGAACTCT-1,2
TTAAGATAGGATTGAC-1,2
CACCTTGGCGCCTTTG-1,2
CGGCCCAGGTATATCC-1,2
GGGTTTAGGATAGGAT-1,2
GCTCCCAGTCGGTCCA-1,2
GTTAACTATGTTGTCA-1,2
GCAACGGCTAGTTATG-1,2
AGGTTACACCATGCCG-1,3
CGATAATACTCAGGTT-1,3
GTAAGTCCACACTCTA-1,1
ACTTGTAGTCCCTTCA-1,3
ACCATCCGCCAACTAG-1,3
TACATCCCTATCCCTG-1,3
TCAACATCGACCGAGA-1,3
CCGAACACTGGGCCTC-1,3
AGGGCGAGCAGCTGAT-1,3
TGACGAATATTTCCCT-1,3
CAAATCTCTCACAAGG-1,3
TAGAGATCATGCAACT-1,3
GAGAGGTGCATTCTGG-1,2
CTGGGCCTGCTATATC-1,2
TTGACATGAACGTGGA-1,2
TACCGGTCGTTTCCAT-1,2
GCAAGAATTCCTTGGC-1,2
TTGAGAGTACTGCTAA-1,2
ATATTCAGTTAAACCT-1,2
ATCAGACGGCACGCCG-1,2
GTGCCGCTTCAAAGGT-1,2
GACACTGAGTTCAGTG-1,2
ATCCTACCTAAGCTCT-1,2
ATGATGCAATGGTACA-1,2
AGTGACCTACTTTACG-1,2
TTACTGGGATATTTCA-1,2
AAATCGTGTACCACAA-1,2
TGGCAGATTACGATCA-1,2
CAGGATATATCGTTGT-1,2
CTAAAGGGAAATAGGA-1,2
CTTTAGTGCTATTATT-1,2
TACGACTGCCTCTTAG-1,2
GTACGTTTGCCCGTCA-1,3
GATCTTGGAGGGCATA-1,3
TGTTATTGTATGTGGC-1,0
GAGTGTGCGGTACCCA-1,0
ACACACCAGGACCAGT-1,0
AAGGTGATAAACCAGC-1,3
AAAGTGTGATTTATCT-1,3
CTGGCTGATTCATCCT-1,3
TCTAGTGATATCGTGG-1,2
GACAAACATATGCAGG-1,2
AGTGAACAAACTTCTC-1,2
AAGTGCCTTGACTGTA-1,2
ACCGCGGTGGAAGTCG-1,2
CACATTTCTTGTCAGA-1,2
GTTCGGATCGGGAACA-1,2
GTCTTGTAGCTATTCA-1,2
TTGCCAAGCAGAACCC-1,3
TTGAGCAGCCCACGGT-1,3
TGTGGCTCCCACCAAC-1,3
CAATACGAGAGTCTGA-1,3
CCCGAAGTTTCGCGAA-1,3
TGCGAATATGGGATTT-1,3
GTGGGAAGACTGAATC-1,3
CTATGTGAGTCACGGC-1,3
AAACTTGCAAACGTAT-1,3
AACACGAGACGCGGCC-1,3
TCGGAGAGTATCGGGA-1,3
AGGCCCTAGAACGCCA-1,3
TTGTTTCCATACAACT-1,3
GTGGACCAACCCGATT-1,3
CATAGTCCACAAGAAC-1,2
GGTTACCACCCTCGGG-1,2
CGAGTACTAAAGAGGA-1,2
TCGCCGAAGTTGCGTC-1,2
GCCACAATTTAAGGAC-1,2
TGAGTGCCTCTTAAAT-1,2
GTGCGAAATCGAACAC-1,2
GATACGATGGGAGTCA-1,2
ATCCTGCGTGGAATGG-1,2
AGTGATATGAGTAGTT-1,2
GAAACCGAATTACCTT-1,2
CAAATGTCCTTCCGTG-1,2
CTTGCCCAGGCTCTAC-1,2
GTGATCATAGATCTGC-1,2
TCACCCTCTTAAGATT-1,2
CCTGACCACCGATGGT-1,2
CCGCTATCAGCACCAG-1,2
CGGGAATTTATGTAAA-1,2
AAACTGCTGGCTCCAA-1,3
GGCAAGGCGAAATAGC-1,3
ATGGTCGCGTGGTTTC-1,0
TTCCGGTTACCCACTT-1,0
CAAGATATTATAACGT-1,0
ATGGGCCTCGGCCTCT-1,0
TCTTACTTATGCCTCT-1,3
TGCTCCACAGTTCTTA-1,1
TAAGGCTGAATCCCTC-1,3
TCGAAGAACCGAGCAC-1,2
AAGTCAATTGTCGTCA-1,2
CATGATGGAAGTTAGC-1,2
ATCGCCAGTCAACATT-1,2
TCTTCTATAACCCGCC-1,2
TAGCGTCCCTCGATTG-1,2
CAAACTCGCGACGCCG-1,2
TCTCGACGTATCGCCG-1,2
AAACCCGAACGAAATC-1,1
CGCCTTTAGCATGCTC-1,1
CCGCCGTTGAGGATAA-1,3
GCCAAGAATACTTCTG-1,1
TTCCCGGCGCCAATAG-1,1
ACAGTAATACAACTTG-1,1
GCAACACACTAGAACT-1,1
ACCTGCGTGTCATGTT-1,3
AGGTCAGGTGAGAGTG-1,3
ATGTGAAAGCCTAATG-1,3
CGATCTGTTGGAGGAC-1,3
TTAACTTCAGGTAGGA-1,3
CTTCTATGTTGAAGTA-1,3
TCTAGCAATCTCCGCC-1,3
TTGTAAGGACCTAAGT-1,2
AAGTTCGGCCAACAGG-1,2
ATCACGTGCTAATTAA-1,2
GCTGTATTACTGGCCC-1,2
TAAGTAACATCTTGAC-1,2
AGTGCGTAGCTCGTAA-1,2
GTCTGGGCGGTCGAGA-1,2
TGCGACACCCTAGTGC-1,2
TCAGTAGGGACTATAA-1,2
GTGACTTCAGTAGTGC-1,2
ATAAGTTACCGCGACG-1,2
TACGACGCTTGCTGCG-1,2
GGGTGACACCTTAACT-1,2
GAGTCCGCTTACCGGA-1,2
ATTCATATACTGTCCA-1,2
GTCGTACCATCTCGGG-1,2
TTCCGCGTGAGGCGAT-1,3
GTATCTTTCATAACCA-1,3
TGACTATAATCCTTTC-1,3
TTAGAGTTTAGAAGGA-1,3
CTGGTTTCGAGCAAGA-1,3
ACTTATTTATGTGCCA-1,3
AACCGCTAAGGGATGC-1,1
CGACACGCTCCGACAG-1,1
AGGATATAGGGATTTA-1,3
ACCGGGCCTTTGTTGA-1,3
CTCTTCTATTGACTGG-1,2
GGTTTAGCCTTTCTTG-1,2
TTGACTATTGTCCGGC-1,2
GCAACAGCAGTATGCG-1,3
TGGGCAATAGTTGGGT-1,2
CGGCTCTAAAGCTGCA-1,2
CCGAGAAGTCGCATAA-1,2
GCACAAACGAGGCGTG-1,2
GTGCTTACATCAGCGC-1,1
GAATAGCATTTAGGGT-1,1
TCCTATCATAGGTAAC-1,1
CCGGCGTGAGACTCTG-1,1
AAACAGGGTCTATATT-1,1
CGAACGGCCGGACAAC-1,1
ACTCCCATTCCTAAAG-1,1
TACTTTCCGCACGCCA-1,1
TCCTCCTAAGACATTC-1,3
AGTCGGCTCAACTTTA-1,3
ACGGGAGTGTCGGCCC-1,3
CCACGGAGCCATAAGA-1,3
CACCGTTGCGCGATAT-1,3
AGTTTGGCCAGACCTA-1,3
AAATTTGCGGGTGTGG-1,2
CCGCTTACCTCACTCT-1,2
GGTGAAGTACAGGGAT-1,2
AACGGCCATCTCCGGT-1,2
TTCTTGAGCCGCGCTA-1,2
GGGATGGTCGTAACCG-1,2
CGGAACGTAAACATAG-1,2
CAAACGAGTATCGCAG-1,2
GCGGTTCCCTATCATG-1,2
CGTCACGTCCATTGGT-1,3
CTGAATCCGAGACCTC-1,2
GAATTCACCCGGGTGT-1,2
TGAGTAAATTAGCGTA-1,2
GGCGCGTTCGAGTTTA-1,2
ATAAACGGACCCGTAA-1,2
ATAATAGCTGTTGAAT-1,3
TACCGGCTCACTGCCC-1,3
GTTACCTACAACTTGC-1,3
AAATACCTATAAGCAT-1,3
TCCGCTGTCATCCCGG-1,3
ACTGAATGGCGAAAGT-1,3
TTCAGCCCTGGTCCAC-1,3
GGTTAGCTATATGTCT-1,3
TGGGCCCATACTAATT-1,3
TTAGTTATTCGTGGCA-1,1
ATACGTCCACTCCTGT-1,1
TCTGAACTCGTACCCG-1,3
GTGATCACTAACGCCT-1,3
TTGACAGGAGCTCCCG-1,2
CGTGGCCGAATATCTA-1,2
TCAAGGTTACTACACC-1,2
CGGGAATATAGTATAC-1,2
ATCAAACACTGTTCCA-1,2
TGAATGTCAGCCGGCC-1,2
GGACACAAGTTTACAC-1,2
AACTACCCGTTTGTCA-1,2
CACACAGCTTGCGCTC-1,1
GCAAACGTCGCCAGGT-1,1
TACTGTTTCTCTGGTA-1,1
TTGAATCGTTGTATAA-1,1
CGACCCTTAACGCCGG-1,1
GAGTAAGGCCACGGGA-1,1
AGGATCACGCGATCTG-1,1
CAGTACCAGTTTACGT-1,1
CGTTCATGGTGCGCGT-1,1
CAGCTGGCGTAACCGT-1,3
CATATGTCAGGCTACG-1,3
CTGGCATCCGAATGAG-1,3
AGAAGTGATTCGTGAT-1,3
AATGACAGCAATGTCT-1,3
TATTCCTCCGCCCACT-1,3
TTGATTAGCTGTTTCT-1,3
CCGTGTTAAATTCCAT-1,2
GTATTCTGAGAAACGA-1,2
GTGATTCGCCGCTCAA-1,2
AACGTACTGTGGGTAC-1,2
TGATTCTGTCGCCGGT-1,3
TTCCAATCTGGCTATC-1,3
TTGGTCACACTCGTAA-1,3
GGGCGTCACCACGTAA-1,3
TTGGATATCGTCTACG-1,2
GCGACGATAGTTGTAC-1,2
GTTATATTATCTCCCT-1,2
CTGTTACCCAATCTAG-1,2
GATAGGTAACGTTGAC-1,3
GGTCAGTGGGTCCCAC-1,3
GTTTACGTTCCATCTG-1,3
TCTAGCATGCCCAGAA-1,3
CTCTATTTGGCTGCAG-1,3
CACTCGAGCTGAACAA-1,3
ACCACGTGCAGCTATA-1,3
TTACTAAAGGACTTTA-1,3
TTAGACGAGTCACCTC-1,3
GCAAACCCTACATTAT-1,3
ACCCTCCCTTGCTATT-1,3
AATAGAATCTGTTTCA-1,3
ATGACTATGCGACATT-1,3
AGTCAAGATGACACTT-1,3
CCACAGTACCCATCCT-1,3
ACCAGTGCGGGAGACG-1,3
TAGTCGATCACGGGTT-1,1
CGCTGGTGACTACCCT-1,3
TGGTAGAATATATGGG-1,1
AGTTTGGCACGGGTTG-1,1
ATGCGAGTCCCACCAC-1,2
AGAGTAAACTTCACTA-1,2
CCCGAGTTTCTCCGTA-1,2
GCGCCTCCCACTCCGA-1,2
TGAGTTAAAGACATTC-1,2
GAACGCGGGTCACACG-1,1
ATCTCGTGAGCGAAAC-1,1
ATTACCACACTGCCTG-1,1
CGTGGAAGCCTCGTAC-1,1
TGGCCAATTTGGTACT-1,2
TCGGCGTACTGCACAA-1,1
ATCAGCTCGTCCACTA-1,1
AAATGGCCCGTGCCCT-1,1
GGTCGTAAGCTCGCAC-1,1
GACTACAAAGCGGTGG-1,1
ACTCGTAACCCGTCCT-1,3
GCCCGACTTCTTCCCG-1,3
AAGTGCGTTAGAATCT-1,3
TACCTTAAGATTTCCC-1,3
TCAACGCAGGAAATAA-1,3
ATCAAACGAAGGTTTG-1,3
CTGCTGAGGCCACGAA-1,3
CACGTCGGCAACCTCT-1,2
CGGTGCGCGTTGGTCC-1,3
GCCCGCGCGTAAACGG-1,3
GGAACCGTGTAAATTG-1,3
CGAACCCGCATGCGTC-1,3
TACCAGAAGTAGGTTC-1,3
TAGATATGGACTGGAA-1,3
CCCGCAGCGCGAACTA-1,3
TTCTGCCGCGCCTAGA-1,3
CCGAACCTTCCCGGCC-1,3
CAGGCGCCATGCTAGG-1,3
ACAAGGAAATCCGCCC-1,3
ACGGCGACGATGGGAA-1,3
GGCTGAAATAGCAAAG-1,3
GTAGTCGCGGGAATCA-1,3
GTTAAAGTAGGACTGG-1,3
CATGTCTCATTTATGG-1,3
TCTCATGAGATAGGGT-1,3
CCTAACCCAAACAAGT-1,3
CGGGAGCTTCAGTGTA-1,3
GAGCGCGCACGAGTAG-1,3
TCCTTACGACGGTCCG-1,3
AGACGAAGTGCCGGTC-1,3
AGGCATTGTCGTAGGG-1,3
TTCTTATCCGCTGGGT-1,1
GCATCGGCCGTGTAGG-1,1
TCGGCGAACCCAAACC-1,2
AAGCCGAAGCGGTTTA-1,2
AATATCGAATCAATGC-1,2
CGTTAAACTAGTTAGG-1,2
AACAGGTAGTATGGAT-1,1
TGTTTGAGATCGTCAG-1,1
CTGAGAAAGTTCGGCG-1,1
CTGCTGTCTAACGAGC-1,1
CGACGCATCCGTACCT-1,2
AGCGGCGGTTAGCGGT-1,1
AGCCTAATACCCACGT-1,1
CACCCTTGGTGAGACC-1,1
ACGAGGATACCACTCT-1,1
GTGGCAAACAGCGGCA-1,2
AGCCGTGGCTAAATGT-1,3
TTGGAAGAATACAGTC-1,3
CTCATGGTAATTTGCG-1,3
TTGTGGTAGGAGGGAT-1,3
ACCTAAGTACCTTTCA-1,3
GATCCTCGACACTGGC-1,3
TTGACCGTGTTAATGA-1,3
CTAACTGGTCCGGTTC-1,3
TAATAGAACAGAGTTA-1,3
TGCGAGAATATTACCC-1,3
CTTGTCAACATTCGAG-1,2
AAGCTAGATCGAGTAA-1,3
GTAGCCAAACATGGGA-1,3
ATAAGGTGGAGAACAT-1,3
TGGTTCAACGGGTAAT-1,3
CTGCACAACTACATAT-1,3
TGGCAAACTAAATTAC-1,3
TCGCACCAGGAGGCAG-1,3
ACAAATCGCACCGAAT-1,3
CTTTACCGAATAGTAG-1,3
TTCCTCGGACTAACCA-1,3
CTGGAAGACACGGTGG-1,3
GTCTATTGGTTCCGGT-1,3
AACGGACGTACGTATA-1,3
GCTACTATAGTAGAGT-1,3
CGAACAGTATGGGCGT-1,3
GATCGCTACCCGATTT-1,3
CAGCAGTCCAGACTAT-1,3
AAACAAGTATCTCCCA-1,1
ACTAGTTGCGATCGTC-1,1
CCCTCCTCGCTCGTAT-1,1
ATTACATGTCAGTCTT-1,2
CTTCGGCCAATTGTTT-1,1
GACCGCGTCTGACGTG-1,1
TCTTTAGAGTCTAACA-1,1
TAGTCTTTCCGAATTG-1,1
GATCTCGACGCTGTGG-1,1
TATACCGAGTGCCACA-1,1
CCTAGGTAAAGGTAGC-1,2
CTGGACGCAGTCCGGC-1,1
AATCTGGCTTTCTAGT-1,1
GGATCTTGACTCAACC-1,1
GAGTTGATGGCAATTT-1,2
GATGTAACGAACCACC-1,2
CTCCCTCCTTTCGATC-1,3
AGTTAAGTCAACCGCT-1,3
AAAGTAGCATTGCTCA-1,3
AGTCGTGGGCATTACG-1,3
GTAGAGGGAGACAAGT-1,3
CCTACATTCACAGACG-1,3
TCTGTTACCCAGCATA-1,3
GTTTGGGCTTGTGAGC-1,2
GGACCAACAGGATAAC-1,2
TACCGTGCCTCGGACC-1,2
TGCCAGTACGTGGAGA-1,1
CTTTAATATTGGTCGA-1,1
GCTGCTACTGCGTAGC-1,1
ATATTCCACATAGTGA-1,3
ACCGCAATAACTGCCT-1,3
ACTTCAGGCTGATCCC-1,3
TCTGATGTATTCTGTC-1,3
GCAGATCCATAAGACT-1,3
TTATCCGGGATCTATA-1,3
GTTCGTCTAAAGAACT-1,3
CTAGGCGCCCTATCAG-1,0
AACACACGCTCGCCGC-1,0
AGCATATCAATATGCT-1,0
ACAATTGTGTCTCTTT-1,3
ATTGCGATCAGTAACT-1,3
AGAGGCTTCGGAAACC-1,3
GGCAGCAAACCTATGC-1,3
TTGGACCATCTGGCAA-1,1
GAGCGCAAATACTCCG-1,1
TTGGGACGTAAGAGTT-1,1
AGACCGCTCCGCGGTT-1,1
CCAAATAACAAGATTC-1,1
CTCCCAATGAGTCGCG-1,1
GAGTAAACCGGAAAGT-1,1
CTGACATAGAAATAGA-1,1
TCTAAAGAACAGTCTC-1,2
CCCAGTAAACTTGGGA-1,1
AGAAGGTACACTTCAC-1,1
AATCTAGGTTTACTTG-1,1
TTATCCTCAAGGAATA-1,1
CGCGAGTCTGCCGGGT-1,1
GTATGAAATTTCACTC-1,3
ACAGAACTGAGAACAA-1,3
CCTCTATCGATTAGCA-1,3
TCACGATGTCCGTGGA-1,3
ATGACGCGTTCTATCC-1,3
TTCTTGGACGATCTGC-1,3
GGTCTCTGAATGGACT-1,3
CTATTCATGTGTCCCA-1,2
TTAGAAGAACATGACT-1,2
CGGCAAACATCGTGCG-1,2
TTCGACAGAGCCCGTG-1,2
GACGACGATCCGCGTT-1,1
GAGATGGGAGTCGACA-1,1
TGGTCCCACGCTACGG-1,1
ATCGGAGACAGACGGC-1,1
GTTGAGTCCCGCCGGT-1,3
AAGTGTTTGGAGACGG-1,3
TGCCTTGGCCAGGCAA-1,3
TTCTGACCGGGCTCAA-1,0
AGCTCCTTCGCACATC-1,0
GCTATACGTCTCGGAC-1,0
TGCTAAGTGTCTATTT-1,0
CAGTGTCGGCTGGCCC-1,0
CATCATTACCCTGAGG-1,0
AGTGCACGCTTAAGAA-1,0
AGGAGGCCTTCGCGCG-1,0
TCCGTTAAGCTAATAT-1,0
CGCAGGCGATCCAAAC-1,3
CACCGTATCCCATCCG-1,3
CCCGTTTCGCAGATGT-1,1
ACTTGTGGATGGAACG-1,3
GACACTGGAACCCGAT-1,1
TCTCGAGGAGGTTCGC-1,1
CCTAAATTGTATCCTA-1,1
TCCAGCGCTATAAGCG-1,1
CCACATACTGCACCCA-1,1
GTATTTAATGGCATAA-1,1
CTGGGTTGAGTTAAAG-1,1
AGATTCACAACCGATA-1,1
GCAGGAACTTAGATCT-1,1
CCCGGTGTATCGGAAT-1,1
AGCATCATTTCGAAAG-1,1
TGCGTCATGACTGAGC-1,1
TTGGTTGCGGTGCGCG-1,3
CTACTATCATAGGTTT-1,3
CCGTATCTCGTCGTAG-1,3
TCAACAAAGATAATTC-1,3
ATTTGCGCGAGTAGCT-1,3
AGACGACGATGCCGCT-1,0
CCTCTGTACTATTCTA-1,2
GCCCGATCTGTGGTCG-1,2
AGGATAAAGTCGGGAT-1,2
CTAGTTACAACCCGGT-1,2
AAGCATACTCTCCTGA-1,2
GGTAGAAGACCGCCTG-1,2
AACGATAATGCCGTAG-1,2
CTGCTTGGCGATAGCT-1,2
TAGCGTCCGGTGTGGT-1,2
AAATAGGGTGCTATTG-1,2
AGCACTACCTCACCAG-1,2
TCGTCTTAGGCGTTAA-1,0
CAGAACTTAGCCCTCT-1,0
ACAGGCTTGCCCGACT-1,0
GAGCCAGCTACCTGTG-1,0
GTCCTACGAATAGTCT-1,0
CTATCGACGAAATACA-1,0
TAAGTTGCGACGTAGG-1,0
TGTGCCGGTGCCGGAA-1,0
TCCGCGGCCCAATGAA-1,0
AAATCTAGCCCTGCTA-1,0
CCATATGGAAACTATA-1,3
GGTCAAGACTACTTCG-1,3
GTTATAATACGGTGAA-1,1
GTTCGCTGAGACGTCT-1,1
CCCAGGTCTGAAGGCT-1,1
ACTATCTGCCCGCGTA-1,1
AGAAATTATGACTCGC-1,1
TCGTGTATTGGTCACG-1,1
GTTGCGGACGGTCAGG-1,1
TATTAACACCAAAGCA-1,1
CCGCCGGAACTTCTCG-1,1
GTTAGGCTACCCGTTT-1,1
GCCCTAGCCGTCGCGA-1,1
CTTCAGTGGTCGCCTA-1,1
GACCCAATTATGATAC-1,3
CGTCGGGTCTAAGCGC-1,3
TTGCCATAGCCCGCTC-1,3
CCGACGGGCATGAGGT-1,0
AGCTGTAACCTCAATC-1,0
AGTCTCACAAGACTAC-1,0
TAAGTCGCCGAGTATC-1,0
GGCAAAGGCGCCAATA-1,0
CTCTTGTCCCGCTTGG-1,3
CGGAGCAATTTAATCG-1,2
GCGTCGCCAGGGTGAT-1,2
GCTGGCGGCGCATGCT-1,2
CTTTCTGTGCGGGCTT-1,2
AACCTTTAAATACGGT-1,2
CTGCACTCCAGTACAG-1,2
CAAGCGGCACATAATT-1,2
ATATAAATGTAGCTGC-1,2
GTGTCGTATAGCGTTC-1,2
GCTATCATACTCATGG-1,2
TCTCCCTGGGCAGCGT-1,2
CAATGCGAGAAGTATC-1,2
GCTAGGCACCACGGAG-1,0
TATTCCGAGCTGTTAT-1,0
GTCCGGACCTGAAATT-1,0
CATGTAAGAGACATTT-1,0
CATCCTCTCAAAGATC-1,0
AACGCTGTTGCTGAAA-1,0
TAGAGGTTCTACTTGT-1,0
AATCATGTAAAGACTC-1,0
GCGAAACGATCGGGAG-1,0
ATTGGATTACAGCGTA-1,3
CTATGGGAAGCGGAAT-1,3
TGGCAATGGGACGGCG-1,3
CGGCAATAAGATCGCC-1,3
TCATTTAGAAGTGTGA-1,1
TCTGAGCAATTGACTG-1,1
CACAGTTCGCTTCCCA-1,1
TGGGCAGGCCACCGCA-1,1
TATTTGATTTGCACAG-1,1
ACCGATATTTAATCAT-1,1
TAGGCGATGAGGTCTC-1,1
GCCATTAGCCTCAAAC-1,1
GGGTATTCTAGCAAAC-1,3
CAGATCCTGGTTTGAA-1,3
GGGCAACCGCACGTGC-1,3
GAAGCTCGGACCCGTC-1,3
GAGGCCCGACTCCGCA-1,0
TAACATACACGCGATC-1,0
AATGTGCCCGAGGTGT-1,0
CGAGTGAAGGTACCAG-1,0
AAATTGATAGTCCTTT-1,0
GCGGAGAAACTTCGCA-1,0
ATTTCCGGGTTCTGCG-1,0
AAAGGCTCTCGCGCCG-1,1
ACATCCCGGCCATACG-1,3
TACGCCTCCATTCCGA-1,2
AACTAGGCTTGGGTGT-1,2
GTTGGTCATGCTATCC-1,2
TGAGCGGAAAGTGTTC-1,2
ATCTAATATCCTACGG-1,2
TTCACTCGAGCACCTA-1,2
CCATTTCTACCTATTA-1,2
GTTAACATCACTTAAA-1,2
GCCTCTATACATAGCA-1,2
ATACGTACTTAGCCAC-1,2
TATCCAATTGGTTATC-1,2
CCTATAATGAGTGCCC-1,2
TACCAATAAAGTACCA-1,2
GGTGGACTGCTCTGGC-1,0
TTGAGAAGTTTAGCAT-1,0
CTGTGGTCGGGAGATA-1,0
CACGTTTCGTACACAC-1,0
GATTAACCGAAAGCCC-1,0
TTCAGCTGGCGTGCCC-1,0
GTATCAAACGTTAGCT-1,0
AGTCACTAGCTCTCGA-1,0
CATGGATTGTCTTCCG-1,0
CACACACGCTAACGAG-1,3
TGCCTAATTGAAGATT-1,3
ACCTCCGCCCTCGCTG-1,2
CCTTGACCACTTTATT-1,2
CAGAATAACACACGGA-1,2
CAACGTGGTGGAGTCT-1,3
TCTCTCGCCGCACATA-1,1
CTCCTGTTCAAGGCAG-1,3
GCCACTCCTTACGGTA-1,1
GACTCCTTCCAATTGA-1,3
TGGCATGAAGTTTGGG-1,3
AACCCATCCCATGATC-1,3
TATCTTGCAATACAAC-1,0
GTCAAAGAAGTGGTGT-1,0
AGCAACCGAAAGTAAT-1,3
ATACGGAACGTCGTTT-1,0
CGCGCAAATGTCCAGA-1,0
CTCGGTTGTCGGCCCT-1,0
CAGGCGCACGGTGGTC-1,0
CAAAGATTATTGGGCC-1,0
GCTCCTGACATACTGG-1,0
TACGCCGAGGGTACCC-1,0
CACTCCTATGTAAGAT-1,0
TCGTCAAGTACGCGCA-1,0
GAAAGCAGTGCACTTT-1,3
GCTGCTAAGTAGTCGA-1,3
AGCAGCCAGATGAATA-1,2
TTGTGTATGCCACCAA-1,2
CGATTAAATATCTCCT-1,2
GTGGACGCATTTGTCC-1,2
CCGCATGTGGTACGAT-1,2
ATTCACTGATGTTGGA-1,2
TCCTAAATTGGGAAGC-1,2
ATACAGGCCCTCCAAT-1,2
TCCGCCTGTCTACAAG-1,2
CGTCGTCCTTCGCGAA-1,2
ACCAATATGCAAGTTA-1,2
CACCCTAACAAGATCT-1,2
CATGGGTATGCCTTAT-1,2
TCTGAAGCACGTGGTC-1,0
TTGGACCTATAACAGT-1,0
AGTACTCTTATGCCCA-1,0
TTGTGAACCTAATCCG-1,0
TCCTTTAAATCCGCTT-1,0
GCACACACTGGTAGCC-1,0
GCTAGAGTAGAGATGT-1,0
CCATGCCCTAGATTTC-1,0
GACGAGGCTAATAAAC-1,0
ACGCATACGTTTACTA-1,3
CGAGAGGGTAGCCGCG-1,3
TCTACCCAATAGAGAG-1,2
TCAACTGCAGAGTCAG-1,2
GTAACATCTAAGATAA-1,2
ATGCTTAGGAGTTGAT-1,2
CGGGTTTGTTAGGGCT-1,2
GACAAGAGATGAGATT-1,3
GCAGTTCGATCCGAGC-1,3
ACCGAAGAGTCTGGTT-1,3
ACGAGGTTTACAACGT-1,0
TCGACAACTGAACCCG-1,0
TATTATGTTTGCCTGC-1,0
GGGACAGAGTTACTCC-1,0
CTCTCTAACTGCCTAG-1,0
TCGGTCCCGACAATAG-1,0
TCTAATACTGCCTCAG-1,0
GGTAACCGGGAGGATA-1,0
TCATCGATGGTCCCAA-1,0
ACAATGAATACGGAGA-1,0
GATGACAAGTAGGGCA-1,0
AAGCGTCCCTCATCGA-1,0
TCGAGCCAGGCAGGCC-1,0
CCCGTAGCTGGGAAGA-1,0
GGGACCCGTATATCTT-1,3
AGCGCATAATGAATCG-1,2
AATAGTCCGTCCCGAC-1,2
CCTCGCGCTGTGCGAT-1,2
TGCTCGGCGAAACCCA-1,2
TGCCGTGGATCGTCCT-1,2
ACCCGGAAACTCCCAG-1,2
GCAAACCTTGGCCATA-1,2
ACTCCCTAATGCTAAA-1,2
GAACAGATTACTAAAT-1,2
CGATTCGCCTGGCTGC-1,2
CACATCTCACCGACGA-1,2
CGTTGAATACCGCGCT-1,2
ACGGATGGTGCGGATA-1,2
AAGCTCTTTCATGGTG-1,2
GCGCGTCATTGGTACA-1,2
AAGTTCACTCCAAGCT-1,0
ATCAGCCTCATGCTGC-1,0
GCGCTTAAATAATTGG-1,0
AGTCGTCGACCACCAA-1,0
ACTGAAACGCCGTTAG-1,0
TAAGGGCCTGTCCGAT-1,0
CACAGGGCCATATAGT-1,0
TCGCGTAGCAGTGTCC-1,1
CTACACTCGCAGATGG-1,3
GGAGCAACATTTCAAG-1,3
TCGTGTTCGACCACAA-1,3
ATAAACGTTGCACCAC-1,2
AGCTCCATATATGTTC-1,2
CCGACAATAGGCCGCC-1,2
AACCCGAGCAGAATCG-1,2
AGGCACGTGACTGTCC-1,2
AGCCCTTGGACATCCC-1,2
TCGAGGGCAACAGACG-1,2
GCACAACCTCGGGCGT-1,0
CGATGTTGTTATCTAC-1,0
GATGCCTTCTGCGGCA-1,0
GTGGAGCGTTTACCGA-1,0
TCCCTGGCGTATTAAC-1,0
TGGACGCAATCCAGCC-1,0
GTATCTCAGTCTTGAC-1,0
AGATGCAAGACGTGCA-1,0
AGTATGCTGGAGACCA-1,0
GCGCAAATATATTCAA-1,0
GGACCTCTAGGCCGCC-1,0
TCGAATATCCCGCAGG-1,0
AGAGAAGGAGTACAAT-1,0
TCAGTGTATACGTCAT-1,0
TTAGGTCATAACCGAC-1,0
CTACAAGAAATAACCC-1,0
TTGTTTCACATCCAGG-1,0
TCAACATAGCGCCCTA-1,2
ACCCGTGTCATCAGTA-1,3
CCGGAGCGTACTTTCT-1,2
TGAGGAGTGCCAGCTT-1,2
GGGCAGAGCAATCGTT-1,2
TACCTACTCCCAGTAT-1,2
ATACCTAACCAAGAAA-1,2
AATTAACGGATTTCCA-1,2
ATATAAAGCGCTCGTG-1,2
CTAGGTTCGGACGTGA-1,2
CATAAGAAGCTTGGCT-1,2
AGTTTGCACCTGCCTC-1,2
GTGTATATCAGCGGGC-1,2
ACTTACGCATCCACGC-1,2
GAGCACCTGTGTCCAG-1,2
GTCCCGCGACGTTATG-1,2
ATACTGCCTTACACCG-1,2
GGCGCGGAGATCTTTC-1,0
GCTAACTGAAGTCTGA-1,0
TATGATCTTCTCTTTA-1,0
ATATCGTTCCTCGAAC-1,0
CCTGTTTGAAGACACG-1,0
TCGGCTTGTATCGACG-1,0
ATCGTTAGCTAGCGGA-1,0
ATTCAACCATTTAAGG-1,3
CTAACTGATAATCGCC-1,3
CGCCGTTCAGCATAGT-1,3
CCACTGTTTGGATTAA-1,3
GACCAAACGTTGACTG-1,2
ACACGTAGGCCACAAG-1,2
AGAGCCGCCGAGATTT-1,2
TCAAGCGCGGACGGTA-1,2
TGTGTAGTAGCACGTG-1,2
CTATCGCGTAGAGAAC-1,2
ATGCACGCGCTGTTCA-1,0
GTCTCCTGCCAGTATG-1,0
ACCGGTCAGGTACACC-1,0
AGGCGGTTTGTCCCGC-1,0
AAACACCAATAACTGC-1,0
GGAACCTTGACTCTGC-1,0
GCTGAATCTTCCAATC-1,0
TTAAGGCCCGTACTTT-1,0
GCGGCAAAGTATTGCC-1,0
GAAGAAACGATATTGT-1,0
AACAGCTGTGTGGCAA-1,0
GCGACCCAACCATCTG-1,0
GGCTCCTCCACCTGTT-1,0
ATTATTATGTCCGTCA-1,0
AAGATGGCACCGGACC-1,0
ACTATTTCCGGGCCCA-1,0
CGCTGTGTGGATGTTG-1,0
GGCCGTTTGGGTTTCA-1,2
TTCGCGCGCCATACGA-1,0
AGGCAGGGAGCGTACT-1,0
CGCCCAGCACGCCTAG-1,0
TATCCGCACCGTCGGG-1,3
CAACTGCTCATCCGAT-1,2
TACCGTAGGTTAACTA-1,2
CCAGTCTTGTCATAGA-1,2
TACCAAATAGCCCAGA-1,2
TGTGAGACTAGCCCAA-1,2
GTCGGGAAGCAGAAAC-1,2
GAACCCTCTGTGTTCT-1,2
CCTGGTCGAATGTGGG-1,2
TCGGGAGACAGCGTAC-1,2
AAGCACCCTGCGTATC-1,2
GACTGCAAATCGAGCT-1,2
CTTCAACTCCACTTGG-1,2
CATGAGATGCACTCTC-1,2
CGCGACCGCGACAGAT-1,2
GCAGTGTGGCTATAGG-1,2
TACAGAAACGGTGGGC-1,0
CGTTAATGTCCCGACG-1,0
AGTGATAACCTGCGCG-1,0
TGTACCTACACGAGGG-1,0
CGGCGCCATCAATCCC-1,0
GCCACTCAGAGCGCGA-1,0
TAGATGGTTCCTTACT-1,0
ACAGCGACATTCTCAT-1,0
CACTCTTCTGCTAGCC-1,0
TGATGTCAATTAAGTG-1,3
ATACTACCCGTACCAC-1,3
CACTACGGGAGCTGCC-1,3
AAGAGGCCCTTTGGAA-1,3
TACTCTTACTTTACTG-1,2
GGCCTGCTTCTCCCGA-1,2
ACACTGGGACAGTCGT-1,2
CTAGCCACAGGCGAGC-1,2
GTTCCCGTAAACATAT-1,2
CCTATATCGTGTCACG-1,0
CTCGCATTGCATAGCC-1,0
GCTGGTTTAGGCCATA-1,0
ACACATGATCAAATCT-1,0
CTCGTCGAGGGCTCAT-1,0
GAAACATAGGAAACAG-1,0
CACCAGTCAGCATGCA-1,0
CCCTATGTAGAGCAGA-1,0
AAGGGACTATGCATTC-1,0
TATATATCGAGAAATG-1,0
TTGTTTCATTAGTCTA-1,0
TGCGACGGCCGAACGT-1,0
CGTGTCTCGTTACGAC-1,0
GAATAGTGCTCGATTA-1,0
CACATCGTGCACGCGC-1,0
CCCAATGAGATTTGCA-1,0
CTACTCAAGGTATAGT-1,0
ACGTTCGTTCAGGAAA-1,0
TTCTAGAAAGTCTTAT-1,0
TAGCTAGTGATGATGG-1,0
TACCTCAGTTGTCTGT-1,0
GAAACCTATACAAATG-1,3
AAGACCCAACTGAACA-1,2
ACTACGCGTTAGAATT-1,2
TTACCCTAGGGATTGG-1,2
TAGGTGTTCCACAGAT-1,2
GGCTTTCAATAAGGGT-1,2
CTCGCCGAATGTAGGG-1,2
GTCTCAAGGCCCGGCT-1,2
TATACGCGTCATCACT-1,2
TCAAATTTGAGACTCA-1,2
AGCAAAGGCCGCTAGT-1,2
TTGTGCAGCCACGTCA-1,2
ATGCTCTGGCGCGGTA-1,2
CTCATTGCTCTAACAA-1,0
CGGATCCTCAAGGACT-1,2
TGGCTATGTGACATAC-1,2
GGATTGCTGTGACTCC-1,2
ACTCAAGTGCAAGGCT-1,0
TTGAACGACGTGCTGA-1,0
TGCAACCCATCTGCGG-1,0
AACTCCAGAGCGTGTT-1,0
CTTTGCATCGCTCTTG-1,0
CCGTAGGAAATCCCTG-1,0
GCCTCCGACAATTCAC-1,0
ACCCATTTGTCCCTCT-1,0
GGAAACTAAATGGGCC-1,0
CCGTAGGGTTGTTTAC-1,0
TAACCTAGGGAGTCCA-1,3
ATCTCCCACGGAATAT-1,3
GGAACTTTGGCGATTA-1,3
CACAGTCCCGCTTCGC-1,2
CTGGTAAAGTGTGGGC-1,2
TCTTCGCGGTGAGAGG-1,2
ACCGATAGGCATAACC-1,2
AGAACCCTCAATTGGG-1,0
ACGGCTGGATGTAGAA-1,0
ACTTTGGTCGTGCTCC-1,0
TGTCGTTATCACATAT-1,0
TATCCATCTCGGTTAG-1,0
ATCAATGCCGTGGCTG-1,0
TAATAGGTCACCAGAA-1,0
GAGCGCTGTTAGGTAA-1,0
GATCGCTATATCTCAG-1,0
CTCGGGTTCTCTGGCC-1,0
ACCCGAGCGAAATTAC-1,0
ATGGGACCTGCTGAAC-1,0
AGCTAACAAGCAATGT-1,0
CTAAATCCGGTGTACA-1,0
AACAATACATTGTCGA-1,0
ACCGTGACCACGTGGG-1,0
TCAGCAGTAGGCCCTG-1,0
TAGTAGCTTATACCAG-1,0
TTAGAATAAGGGTCGG-1,0
CCTTCAGTTAAAGTGA-1,0
AGCCCGGTAGCCTGTA-1,0
GACGGGTTGGCCCGTA-1,0
TCCACCTCTAGCCTTT-1,2
CATACACGGTTCCCAC-1,2
CTTGGCCAAGCTGGGA-1,2
TTCGCACTGTACGACA-1,2
GAAGCCTGCACATTCC-1,2
TCCAGGGTATATACGA-1,2
AGGAAGCTGTCCGCCG-1,2
ACCGACACATCTCCCA-1,2
ATCTGGGCTGTTCTTG-1,2
GTTAAGGGTGCGATGT-1,2
TTATAGGTAATTGTCT-1,2
ACGGACTCTCAAAGCG-1,2
ATAATCTTGGAGAACC-1,2
TAGGTGACGATAACCT-1,2
GGGCGTGGTTTCCCAG-1,2
CTTAGTGTAGTAGCAT-1,3
ACTTCCATGCGGGACA-1,0
ACAAGGATGCTTTAGG-1,0
ATTCATCGTTGAGGCA-1,0
AGTGCTAAACACAGCA-1,0
TCTCCACAAGTTGAAT-1,0
TCACAAACCGAGGTAC-1,0
AAACATTTCCCGGATT-1,0
TCTGCATACCTTGCTT-1,0
CTGCAGAGAATCAGAG-1,0
CAACCTACCGAGCAGT-1,0
GGTTTGTGACCTGAGG-1,0
TTCCATCGACAGCGTG-1,0
GTTTCAAACGAGTTGT-1,3
CTGCAAGCACGTTCCG-1,3
TACGCTCGGTATTGGA-1,2
CAACCAGTGGCCTACC-1,2
TTCGGGTTGCCACGGG-1,2
GCCCGAGAGTCTAAAT-1,0
TTGAAGGATGGGCGCC-1,0
ATCCCATCCACAGCGC-1,0
TGACTCCGAATCATAC-1,0
TTGCCGCAGACCTACA-1,0
CGAATGAAGTCATTGC-1,0
CGAATCTGCTCGACGC-1,0
CCTATGGCTCCTAGTG-1,0
TGCTTAGAGAGAATGC-1,0
CGTGCTTCTACCTAAA-1,0
GCCGACCCACGACTGC-1,0
GGCCGAGACTCTGGTG-1,0
TGCCGGATGTACGAGC-1,0
GATCAACATAAAGGGA-1,0
CTATAGGCGTTGATGT-1,0
CTCTTCTGGAAGTTAG-1,0
TACGTACTAGTGCTGA-1,0
CTTTGGGATTGTTGCA-1,0
TCCTAACCGTCGGGCA-1,0
AAGTGAGTCGGGTTTA-1,0
CTCCTCCAGCTCACAC-1,0
CCTATATTTGTCCTGG-1,0
AAAGGCTACGGACCAT-1,2
GATCTGCTATCTAAGG-1,2
GCTCAATGTAATACCG-1,2
CACAGGGCCGTTGTCA-1,2
AGCGGACACTTCGTAG-1,2
GAGTAGATACTAGTTG-1,2
TGCTTCCCAAGCAGTA-1,2
CTCACATTTACTAAAT-1,2
TAAGGCCCGTCACCCT-1,2
ATCCACATCGACAGAA-1,2
CAGCAGTCTGTGCTGC-1,2
TTAATTGCTTTGGGTG-1,2
TTGCCGCTTTCTAGTA-1,2
TGGACCAATCTAAGAT-1,2
AACCTCGCTTTAGCCC-1,3
GTGATCCTTGTCATGA-1,0
AGTGGCGTCTGAAGGT-1,0
AGGCCTGAGAATCTCG-1,0
TGCAATCTAACACGGT-1,0
CCTATGTCCACTCCAC-1,0
TTAGTAAACCTGCTCT-1,0
CCTCCTGTTGTGTCGT-1,0
ATAGCAACTAGGGAAG-1,0
TAGAATAGCCGATGAA-1,0
TAATTACGTCAGTAGA-1,0
GCTACAATCGAGGATA-1,0
ATCATAGCCCTATGTA-1,0
ATATACGCTCGTGACG-1,0
TTACACGATCTGCGAC-1,3
TGTAGCCATCCCATTC-1,3
GGAGGGTCAAGTAAGA-1,3
CACGTCAATCAATGGA-1,3
CGCGGTACGGTATACA-1,3
AATTCATTGTCATGCA-1,0
ATATAGAGTATTGGTC-1,0
TAGTACCACAACTTTC-1,0
CTTAGGTATAGACCAG-1,0
ACTACATCCCGACAAG-1,0
TAAGAGGGACAGGGAC-1,0
AAGGGAACGACTGGCT-1,0
ATCGTGGAAAGTCTGG-1,0
CGTCGCTTGGTTATAC-1,0
GATTGCTCCAGTTGCA-1,0
ACTCCAATATCATCAT-1,0
GAGGGTAGTAACAAAG-1,0
TATATAGGGCTTTACG-1,0
AGGTAGATCGAGATAT-1,0
TAACAGCGTTTGTGCT-1,0
GGTTTAATTACCATCG-1,0
ATCTGACATGGAAGGA-1,0
ATGACTATCAGCTGTG-1,0
AGACTGTTACCGGGTC-1,0
ACGCAAACTAATAGAT-1,0
TAAAGCGGTATTTCCA-1,0
CGGTCCGTCGCAAGCC-1,0
TCCAATAAAGGCTACC-1,2
CGTGACCAGTCCTCTG-1,2
CGAATGACGCATAATG-1,2
CTATGCCCGAATGCAA-1,2
TCAATACGCCGTCATG-1,2
ATACGTTATGCACGGA-1,2
CCAGCTCGAACGCATT-1,2
GTAGACACGCCTGACT-1,2
GAATGCGAATCGGTTC-1,2
GAGTATGCGCGTGCAT-1,2
TAGACGAAACGCCAAT-1,2
CTCACTGTGATACTTA-1,0
GTAGTCTACGATATTG-1,0
GAACCTTTAACGATCC-1,0
CTAGTAGAAAGGGATT-1,0
GAGTGTCAACCAGAAA-1,0
CTCAACTAACCCGGAT-1,0
GGGAAGGGCTTTCTCA-1,0
AGCCACAGGTTACCCG-1,0
GTTTGGGTTTCGCCCG-1,0
CTGCCTTTCTAGTAAA-1,0
TTGTGGTGGTACTAAG-1,0
ACAAAGCATGACCTAG-1,0
CCGCTCTTCCGAACTA-1,0
GGTCTCCGTCCAGGTT-1,0
TACGTAAAGCGGAGTG-1,0
TCAGCCAATCCGTAAA-1,0
GAGGCCTGTTGATACA-1,0
CCCTTTAATGGAGTTC-1,0
TCGCATAAAGGGCGCA-1,3
GGGTCTATCGCTTTCC-1,3
TACGGCATGGACGCTA-1,3
CGCTTGGACGGATAGA-1,3
TATCTGAGCCGATATT-1,0
GCCTTTGTCAGTGGAC-1,0
AAACTTAATTGCACGC-1,0
TCCATCAATACTAATC-1,0
ACAAACCATGCGTCCT-1,0
ATGGCAGCATTACGAT-1,0
CACAGAGACGAGGACG-1,0
ACTATGTCCAGCTGCC-1,0
ATGGGTGTATACCTCC-1,0
AGCCCGGCATTAGAGG-1,0
CTGCCTTTAATACCTT-1,0
GAGCATCAACAACTTG-1,0
GGGAACGGTTTCAGAT-1,0
ACGACTGGTCATACTC-1,0
TACTCCTCTAGTTGAC-1,0
GGACTCGTGAGTGGTC-1,0
CTCAAACCACTGCCCG-1,0
GCGTCCCTAAGACATA-1,0
GGCTACTATACACTCC-1,0
TATAGAGTCGCTTGAA-1,0
AGTATACACAGCGACA-1,0
TGATTCCCGGTTACCT-1,0
AACATTGTGACTCGAG-1,0
GCTCTTTCCGCTAGTG-1,3
AGGTGGTGACCTTCGC-1,2
AGCCAAGCTTTGTGTC-1,2
CGAGGGTATCCAGGTG-1,2
TCATATGAGCTTTGTT-1,2
ATAATTAGCTAAGTAG-1,2
CGTTGTCGGCAATTGA-1,2
AGCAGAAGGAGAAAGA-1,2
TGCTCTTGAGAGTTTG-1,0
AGATATAATACGACTA-1,0
GTGACAGCTTCCCACT-1,0
GGGAAGACGGTCTGTC-1,0
AGAAGGTTGTAGGTCG-1,0
TTGACCAGGAACAACT-1,0
GGCGTAGGGAAAGCTG-1,0
ATTGCCTTTATGTTTG-1,0
AGCTAAGTACGCAGGC-1,0
CGAGAGCTTTCACTAC-1,0
TTAAGTATTGTTATCC-1,0
GTATCCTTTGGTAACC-1,0
TCTATGCTATAACGAC-1,0
CGCGAAGTGGCATACT-1,0
GTCATGCGCGAGGGCT-1,0
TGGCTACACTCTACCT-1,0
AATTGCAGCAATCGAC-1,0
ATCTTATCGCACACCC-1,0
GCACGTGGTTTACTTA-1,0
AGCGATGCGCCTAATA-1,0
AGATACCAATAGAACC-1,0
ATGTACATGCGGTGAG-1,3
GTTCGGAGCACTCAAC-1,3
TTACGTATCTATGACA-1,3
AATGTATGGCACTGTA-1,0
AACCATAGGGTTGAAC-1,0
TAGGCGGCTGCAAAGA-1,0
ACCTCGAACTTATGCT-1,0
ACACCGGTCTGACCGC-1,0
CTGGTGAATGGGCCTA-1,0
GCACAAACCCTAGATG-1,0
AAGCCGCCGTGAAATC-1,0
TAAGCGCGAATCAAAT-1,0
GTGATCAAGCGTGCAC-1,0
TACCTCCACACCAATG-1,0
CATACGAACTAGCTGG-1,0
AGGGTGCCGTTCTTTA-1,0
GGATCTTACTGCCCTT-1,0
GTAGCTCCGGGAGGCT-1,0
GTAGTTCGAAGGCGAA-1,0
GAGGGAGTCAGATCGC-1,0
TCTCTTACCGCGAACC-1,0
CGTTGCCCGCGTGGGA-1,0
ATGTTGTAGTCTGTTT-1,0
TGTGGTTGCTAAAGCT-1,0
CACTGACGATTGTGGA-1,0
GTCCAATATTTAGCCT-1,0
GGGTCAGGAGCTAGAT-1,3
CCCGGGTCGTTCAGGG-1,2
TGTGGCGGGCTTCTGG-1,2
CGTTCAGACCCGCGAA-1,2
AGTTGACGGTCCTTGC-1,2
GGTCTTGAGCGCTCTT-1,2
TCTTGCTCCCGATACT-1,2
GAAGCCACTGATTATG-1,0
GACATCCGTCGAACTG-1,0
TCGCTACTGGCTTTGA-1,0
GTGACGCAGGTTTCAT-1,0
CGTCGCATGTGAGCCA-1,0
GGCCGGCGTCTGCTAT-1,0
AGTCGTATAAAGCAGA-1,0
AAACCTAAGCAGCCGG-1,0
CAGGCAGTCTTACCAG-1,0
AAATCCGATACACGCC-1,0
CGCCCAGCGTTTCACG-1,0
AAACGGGCGTACGGGT-1,0
CATAGTCAAATACATA-1,0
ACGTTCTGTACAAGTC-1,0
ACCAACCGCACTCCAC-1,0
TAGGCTAAAGTGGCAC-1,0
TGTCCACGGCTCAACT-1,0
GTCAACCAGGCCTATA-1,0
GTCTATTGCATGCTCG-1,0
ATTCGCGCCTTGAGAG-1,0
TCTATAGGTGGGTAAT-1,0
CGTGTATGGGAGCTGA-1,0
TTGGCTCAATATGTGT-1,3
TCCCTCTTCTCAAGGG-1,3
CCCATATAGGTCGATT-1,3
AGGTTCTCCTTTCCGG-1,0
CGATAGCGATACAGTG-1,0
ATTATGAGACCCAATT-1,0
CGAAGGGTTTCAGATT-1,0
CACCGGTAGAGACATT-1,0
CATCCAATATAGTTTG-1,0
GCAAAGGGCGTTAGCC-1,0
AAAGGCCCTATAATAC-1,0
GCTAGCGATAGGTCTT-1,0
GGGCGTTTACATTCAT-1,0
AGTGACTGTGACACAA-1,0
CGGTTGAGTATCCTTC-1,0
AATGTGCTAATCTGAG-1,0
CTTCTGGGCGTACCTA-1,0
TGAACAAGCAGGGACT-1,0
GTTTGGTGATCGGTGC-1,0
CGATCCTCGCAACATA-1,0
CGTGGTACCCAAAGGC-1,0
TATGTAAAGTGCTTAA-1,0
GTAACTGCCCAAGGAG-1,0
TAGTCCCGGAGACCAC-1,0
TGAATGAGTGTTTCCC-1,0
CGCTTAGTATTGATAC-1,0
GTGCACCAGCTTCAAC-1,0
TGGCAAGCACAAGTCG-1,0
AATTCCAAGCATGTAC-1,2
GAAGGAGTCGAGTGCG-1,3
TGACCAAATCTTAAAC-1,2
ATGTACGATGACGTCG-1,2
AGCGGGTCTGACACTC-1,2
GCACTGCCTACCTTTA-1,0
AAACTCGGTTCGCAAT-1,0
TGCTCGGTGGGTCACC-1,0
GACCTTCCACGTCTAC-1,0
AATTCGATTCGAGGAT-1,0
GACTAGGCCGTTAGGT-1,0
GATTGGGAAAGGTTGT-1,0
TGAATACCGACGCGTA-1,0
GCGAAGAATCTGACGG-1,0
TCGCCGACATATTCGC-1,0
CGATAGTCGTACTGCA-1,0
CTCTAGCCCTCGGAAA-1,0
GTCTAGTGAGCCGCTT-1,0
ATATAACACGGGCGCA-1,0
TCCGGGCTTGACGGGA-1,0
TAGCAGTATGACTAAA-1,0
CAAGGCCAGTGGTGCA-1,0
CAGATAATGGGCGGGT-1,0
CGCTTCGGTCTAAGAC-1,0
AAGTTGTGATGTTATA-1,0
TACTTAAACATGTACA-1,0
TAGGCCTATATAGTCT-1,0
GGTACGTTGCGGCCGG-1,0
GGTAAACTCTGCGCTG-1,0
CATGATCGCTTTGAGA-1,0
GAGAGGCCTATGTGTA-1,0
TGTACCCGACCCTAAT-1,0
AATTGCGTGGATTACA-1,0
CGCCCTAATTGTTCAA-1,0
CCTCCTAGCTAGAGTC-1,0
CACAAGCTAAGAAAGG-1,0
ACTCATGGCAGCCTTC-1,0
CAGATATGAAGATGAC-1,0
CTGTTGTTCAGTCGTA-1,0
AACATTGAAGTTGATC-1,0
ATTGCCTATTAGACCG-1,0
CCTCTACAAGGATTGG-1,0
AGCCCTCCCTGGTGGC-1,0
CATTATCCCATTAACG-1,0
CTTAGTTGAGGAATCG-1,0
AGTCAAATGATGTGAT-1,0
AATACCGGAGGGCTGT-1,0
GACTGCTGGTGAGAAA-1,0
CCAACCTTATGTAACT-1,0
AACCCGACAACCCGTG-1,0
GCAAGTGTAAAGCATG-1,0
GGTGCATAAATGATTA-1,0
CGGCCAGAGCGACCAT-1,0
TTCACTTCCTAGAACG-1,0
AACGCGACCTTGGGCG-1,0
TTCTATTAAACGCAGC-1,0
ATCTGCTGTTATCGCC-1,0
AAACGGTTGCGAACTG-1,0
GGCAAGCCCATAGTGG-1,3
TTCGGTACTGTAGAGG-1,3
ATCTAGCTTGTGAGGG-1,0
GAGGTACGCGTGTCCC-1,0
GGAGCGAGGCCTACTT-1,0
GGCGCTTCATTCCCTG-1,0
AAGCGCAGGGCTTTGA-1,0
GTTAGCCCATGACATC-1,0
AGTCTTTAAAGTGTCC-1,0
TCCAAGCCTAGACACA-1,0
GATGAGGAACCTTCGG-1,0
AATCGTGAGCCGAGCA-1,0
GAACAACTGGGATGAA-1,0
CGTAGAGAGTAATTAT-1,0
CGCATGCCGAATGCGT-1,0
TCCAACTCAGCTATCT-1,0
TACCGAATAATTGTAA-1,0
GCATGCTAATAACGAT-1,0
ATTATTCAGAGTCACT-1,0
TATGAAGAATTAAGGT-1,0
TGCGTACGGCTAATTG-1,0
GAGAACGGTTCTGACT-1,0
AGCATTACGAGGCAAG-1,0
TTGCTCATAGTACGTG-1,0
AGTGAGTCGAATTAAC-1,0
ACTCGCCGTTCGATAA-1,0
TATTGCCGGGCTTGTA-1,0
TCCCTTGTCTGAAACT-1,0
GGACGGGCGACCAACC-1,0
GAGTTGTCACCAGTCT-1,0
GTGGCCGGTTTCTCGG-1,0
CTACATATCGCGGGAC-1,0
CCGTCAACCTCTGGCG-1,0
GACCGATTAAATATGT-1,0
TCACGGCCCAAGAGAG-1,0
TGCAGTGGTAGGGAAC-1,0
AGCGAGACGTGAAGGC-1,0
TACGCTGCTGTGTTAA-1,0
AGCACACGTTTAGACT-1,0
CCATGTTCATCTATAT-1,0
ACTGCCCGCCATTCTC-1,0
CGCACGTCTGTTTATG-1,0
AGAGAAACACCAGAAA-1,0
TACCAGGAATCCCGTC-1,0
TGCATGTGACCCATAG-1,0
AGGGTCAGAGCACTCG-1,0
GTGTCAGTGTACGTGG-1,0
GATAGTGCGAGTAAGT-1,0
GGACTCGACAGCGCAT-1,0
GAGCGGAATGCGGTGT-1,0
CGTAACTTCGACACTT-1,0
CATACTTCTTTCTCCG-1,0
AGCCCGCAACAAGCAG-1,0
TCGTACCGACGTCAAG-1,0
ACCTACTATAAATCTA-1,0
GCGCGGTCTAGTAACT-1,0
TGGGCGATACAATAAG-1,3
TTGGGAAGACGAGCCG-1,3
GAACTGTGGAGAGACA-1,0
CCTATGGTCAAAGCTG-1,0
AAGTTTATGGGCCCAA-1,0
ATGTAGCGCGCGTAGG-1,0
GCCCTGAGGATGGGCT-1,0
TGCGGACTTGACTCCG-1,0
TCAAATTGTTGTGCCG-1,0
TCGCTGCCAATGCTGT-1,0
GCCTACGTTCTGTGCA-1,0
TCCTAAAGATTCAGAC-1,0
GGGAGCGACCGTAGTG-1,0
CTTCGATTGCGCAAGC-1,0
TCATCCTCAGCTGCTT-1,0
ATGTTGATTAGAGACT-1,0
TACAAGGGCTTCTTTA-1,0
CCCAAGTCATTACACT-1,0
GGATGGCTTGAAGTAT-1,0
AGCTTCTTCTCGAGCA-1,0
TGGGTGTAATAGATTT-1,0
TTGCCTTCTCGCCGGG-1,0
AGTTGGCAAGGCTAGA-1,0
AATGTTGTCGTGAGAC-1,0
TGTGACTAGAGTTTGC-1,0
GGAGTTGATTCTGTGT-1,0
AAGACATACGTGGTTT-1,0
GGCCGCAGGAACCGCA-1,0
ACCCGTAGTCTAGTTG-1,0
GGGCCATTCGTGCTGG-1,0
AGTAATTTGCAAGCGT-1,0
ATCTTAGGGCATTAAT-1,0
ATGGTATTTACTGATT-1,0
GCTTCGACGTTCAATC-1,0
GTCGAATTTGGGCGCT-1,0
CTACGATCCTATCCTA-1,0
TTGCCTAATCCAAAGT-1,0
TTCTACCTCAATCGGT-1,0
TAGTCCTGCACTAAGC-1,0
GTTCGACAATTGTATA-1,0
CCCTCGATAATACACA-1,0
CTATATCCAGCCTGGC-1,0
AATCAGGTTTCATTTA-1,0
ACCCGATTGGTTCCGA-1,0
AAGTGCTTCTCTATTG-1,0
TAGATTCAAAGTGCGG-1,0
GTGAGATAACCTTATA-1,0
CTGTAGTGAGGATCGA-1,0
AGGGTTCAGACGGTCC-1,0
CACTCTCAAGCATCGA-1,0
CAGTTCGAGGACCCGA-1,0
TGATCACCACACTGAC-1,0
CAAGTAAGTGATAGAC-1,0
GCTCCATGCAAAGCAA-1,0
ATTATCGGAATGTACG-1,0
TATCCTATCAACTGGT-1,0
CCTTCGTATAGAATCC-1,0
TGACATGTAACGTGAC-1,3
GGTGTAAATCGATTGT-1,0
TCCACATCGTATATTG-1,0
TCCTTGTCCTTTAATT-1,0
GTCCGGGTTCACATTA-1,0
TACGGAAGCCAAACCA-1,0
CGGGCGATGGATCACG-1,0
TAATACTAGAACAGAC-1,0
GGGCAGTCAACGCCAA-1,0
TACGTGGGCCCAGGGC-1,0
TTGCGTGTGTAGGCAT-1,0
TGGGTGCACAAGCCAT-1,0
CATAGAGGAGATACTA-1,0
GTGCCTGAGACCAAAC-1,0
TGCAACTACTGGTTGA-1,0
GTTTCTAGAGGCGCGG-1,0
ACAGGCACGGATCCTT-1,0
ACTCTGACCTAATAGA-1,0
ACCCTCCCGTCAGGGC-1,0
TTGCGCTTGATCAATA-1,0
CATGGTTTATTAATCA-1,0
TTAAAGTAAGTCGCCA-1,0
CCGCACTTGCAATGAC-1,0
CCAAGGTTGCCCTTTC-1,0
TTGTGATCTGTTCAGT-1,0
GTAGTGAGCAACCTCA-1,0
CATCCCGAGATTCATA-1,0
CCAGAAACTGATGCGA-1,0
TCGCGCGTTTACATGA-1,0
CCTGTCGTGTATGAAG-1,0
AGTTGCGGTCCTCAAC-1,0
CGGGAAGTACCGTGGC-1,0
TAGACTCAGTTGGCCT-1,0
CAGTGTTAATCTCTCA-1,0
GATCGCTGTGGTGCGT-1,0
CCGGGCTAAGAATTTC-1,0
CGGATGAATGCTGTGA-1,0
TCAAAGTCACGGCGTC-1,0
TGCTATGGCAAAGGGA-1,0
CGTAAAGCAAGAAATC-1,0
ACGTACTTTGGCACGG-1,0
TTGATGCCGCTCGTCG-1,0
TCCGACCGCTAATCAA-1,0
CCTCGGTTTCCTTGCC-1,0
CTCGTTACGGCTACCA-1,0
GTTCCGTCCGCCTGCA-1,0
GTCCAGGCACGTGTGC-1,0
CGTTCAAGGAAACGGA-1,0
GGGCACGTAGTACTGT-1,0
GGTGTAGGTAAGTAAA-1,0
TGAGGTGTGTGGCGGA-1,0
GCCGGTCGTATCTCTC-1,0
GATAGAACCCGCTAGG-1,0
GATGCTACCTTCGATG-1,0
GTTCAGTCGCCAAATG-1,0
AGTAGAAGGCGCCTCA-1,0
CTATTTGCTTGGAGGA-1,0
TGTTCCGGCCTGAGCT-1,0
TTGCAAGAAGACTCCT-1,0
CAAACCCTCCGGCGGG-1,0
ACGTAGGAGAGTCGCT-1,0
GGCCCAGCTGGTTTGC-1,0
GAGATGGCTTTAATCA-1,0
GCGGCTTTAGCAAGTT-1,0
GACCACACTTCCCTTT-1,0
CTCGTCTGTGCCTTCG-1,0
CCCTACTTGAACAATG-1,0
ATCTACCATCTGCTCC-1,0
ACTCCGGCCGACCACT-1,0
GTGGCTGTTTCTGTTC-1,0
TCGTTTACGCGACCCT-1,0
GACACTTCCAATTACC-1,0
CTTGATGACCATCCAG-1,0
CTTGCCCACCCACGCA-1,0
GGACAACCATGAAGCC-1,0
AGGTGCACGTCCACAT-1,0
ACCAAGTCATCGGCAG-1,0
GGGAAAGAATGCCAAC-1,0
GGCACTGCGGTGGTTT-1,0
CTTAACTTACAGTATA-1,0
TGTACTTCCGGGCATG-1,0
GCTTTACACAACTGGG-1,0
TCAATATACAGGAGGC-1,0
TAATTGCGCTGATTAC-1,0
TAACTGAAATACGCCT-1,0
CGGGAACGCCCTGCAT-1,0
GGGTCCTTGGAAGAAG-1,0
ACGGTCACCGAGAACA-1,0
CCTTCCGCAACGCTGC-1,0
CAGGCCAGTACCACCT-1,0
GTATCTCGGGCGCTTT-1,0
CTTCACGCCCTGGTAC-1,0
CTCTGCAGGCATTCTT-1,0
TGGGTTTCGGGCGTAC-1,0
CCTGAGAATAAATGCA-1,0
GCCAGGAAAGAACACT-1,0
TATATCAAAGTGATCT-1,0
TAAATTTAGTAACACC-1,0
GCCGTCGGTTTCGGGC-1,0
CTAGGGATAGGGACAA-1,0
GAGGAATATCTCTTTG-1,0
GTGGGAACAAACCGGG-1,0
ACTACAAAGAGAGGTG-1,0
CCTGTTCAACCTCGGG-1,0
ATTGTCTGTTTCATGT-1,0
ATATGGGATAGCAACT-1,0
ATCCCATTTCCGTGGG-1,0
TGCAAAGTTCGTCTGT-1,0
GTCTCCGCCTCAATAC-1,0
GTTGTAGATTTATGAG-1,0
AGCCATATAGTATGTG-1,0
TGCCGTGGGACCCAAT-1,0
CCGCTCCAGGGCGATC-1,0
CGGACCTTTACGTCCC-1,0
CTGCGACCTCGCCGAA-1,0
GGATTAATCATGGACC-1,0
AGTACAGAAGCTTATA-1,0
ACCGAGTCTCCTTATT-1,0
TGTAGCCAATTCCGTT-1,0
GGACTCTTTGACTAAG-1,0
TACTACGTGCAATGCG-1,0
GCAGCTGTCAACGCAT-1,0
TCTCAAATCAATCGGG-1,0
TACACCTCTTCGAATC-1,0
ACGACTCTAGGGCCGA-1,0
AGGATATCCGACTGCA-1,0
ACGGTACAGTTCAATG-1,0
CTGGTAAAGACTTACA-1,0
CATTACGCAGGAAGGG-1,0
GTTATCAAGCTATCGA-1,0
AAAGAATGTGGACTAA-1,0
AGTAACTATAGCAGCC-1,0
AATCGGTATAGCCCTC-1,0
CGTCCTCATCGCGTGC-1,0
GTGAGTCGACTAATAG-1,0
CACAAACCGCAGAACT-1,0
CACCGATGATGGGTAC-1,0
TATAGTTAGGTGTACT-1,0
TTCTCAATTGCTACAA-1,0
GACATTTCGCCCAGCC-1,0
CCAGTGTACAGACCGA-1,0
CGAACCTCTTTCCTAG-1,0
CCAAATCAAAGGGCAA-1,0
GACGATATCACTGGGT-1,0
TAGTCTGCGGCACATT-1,0
TTCAGTTCAAGAGGAG-1,0
GAGAGTCTCGGGAGAG-1,0
GCACAGCACGGGCCGA-1,0
TGGAGAATAATCGTCC-1,0
CATGCGTTGAGAGGAG-1,0
CCTTGTGAACGTGGTT-1,0
TAAAGTGCACGTCTCG-1,0
AGGCCTATCATACCAA-1,0
CGATCCACCATTGTTG-1,0
TCCAGGCAGGACGATC-1,0
ATCAAGATCCCAGGAC-1,0
CTGCGATTTCGAGATT-1,0
TAGGTTCTGCTGAGAA-1,0
GGCCTGCTCTGATGTT-1,0
CTCTACATCCTGCGTG-1,0
TGGGTGTTAAGTAGAA-1,3
GCACACAGCTATTACC-1,3
GTATCAAGGTACTTCC-1,3
TACACAGCCGTGGTGC-1,0
GCACGCCGATTCCCGC-1,0
TGCCCGATAGTTAGAA-1,0
CCACTCAGATCCGCAA-1,0
GCGGTCTTGCTTTCAC-1,0
CGCGGGAATTCCTTTC-1,0
TACTCGTTTGAATCAA-1,0
TACGGGTAATAACATA-1,0
CGTGCACACCACTGTA-1,0
TGATCTATCACACTCT-1,0
CACCGGGCATCACAAG-1,0
CTCGCTAGGTAAGCGA-1,0
CGAGACTACTGCTGCT-1,0
GACACAGCCGGGACTG-1,0
ACGCCAGTGCGTTTGC-1,0
TCACTATCCCTTCGGT-1,0
ATTGGTTGTGCATTAC-1,0
TCCACCAAGACATAGG-1,0
GTCTCCCGAGTCCCGT-1,0
GGCACGCTGCTACAGT-1,0
ATAGCCATAACAGTCA-1,0
GTCGGGTGAAGTACCG-1,0
TCTCAGGCTACTCGCT-1,0
AAACAGTGTTCCTGGG-1,0
CGCCGCGTTCTGAACG-1,0
TACGCTCCTAGAACTG-1,0
TTAAAGGCGATGCTCG-1,0
TGTCCGCAAACAATTC-1,0
ACTGGGATGCCAGTGC-1,0
GGGCATGCATGTCGAG-1,0
CAATGACCCTTAATTT-1,0
CTCAGAGCTAATGTCG-1,0
ATGGTATTGGGAACCG-1,0
GCCTGTCCCGGTGCAT-1,0
TAGAGGGAGTTTATCT-1,0
ACACATTTCCGTAGAC-1,0
GAGCTCAACATGAGCG-1,3
GCGACGGTAGTCTCCT-1,3
GGAAAGGGAATTGAGC-1,0
CGGTTGGGCAGGGTCC-1,0
CGCTTTCCGCCAAGGT-1,0
TCAGAACGGCGGTAAT-1,0
GAAGGGTCATTAAGAC-1,0
GGAAGGACACCGTATA-1,0
TCTATCCGATTGCACA-1,0
GTCTGCCGACTCGACG-1,0
CCAGTTCGGTAACTCA-1,0
CTTCAGTTGGACAACG-1,0
TAGCAGATACTTAGGG-1,0
AGTGGCCCGCAAATGG-1,0
GATAGATAGTACAGTC-1,0
ACATTTGAAACCTAAC-1,0
ACGGAACACGAGTGCC-1,0
GCACCTAGGCGAGTCC-1,0
TGAGTGTAACAACGGG-1,0
CTGGCGATTTACATGT-1,0
AACGTCGCTGCACTTC-1,0
AGCCCGCACTACAATG-1,0
GCTTGAGTGACCTCTG-1,0
TAGGAGGCTCGAGAAC-1,0
CACCCGCGTTTGACAC-1,0
TAGATTCTCTAGCAAA-1,0
TGGTGCCCTGCCTTAC-1,0
GGTAGGCCAATATCAC-1,0
GACTCTAGAGTTCCAA-1,0
GGCATTGAACATCTCA-1,0
TAACAGGTTCCCTTAG-1,0
GATTCTGTTAATGAGT-1,0
CGATCGAGAAGCACCA-1,0
CCCAGGAAGAATTCGA-1,0
ATATGTCTAGAGCGTG-1,0
CGAAGATCAGTTTCAT-1,0
CTTAGATGTTTCATCC-1,0
TAAATTGTGGGTAAAG-1,0
GCGTCGTAACATGGTC-1,0
CTATCACAACGCTGGA-1,0
TCAGCGCACGCCGTTT-1,0
CTTACATAGATTTCTT-1,0
AGCAGTCGAAGCATGC-1,0
TTGGCCAAATTGTATC-1,0
AGTAATCTAAGGGTGG-1,0
CCCTACCCACACCCAG-1,0
TCGCCTCCTTCGGCTC-1,0
GACTTCAACGCATCAA-1,0
AGAACTGTACTTTGTA-1,0
GGCCAATTGTATAGAC-1,0
AATACCTGATGTGAAC-1,0
GCTTCCATGTAACCGC-1,0
TCAATCCGGGAAGTTT-1,0
CTCATAAATGTGTATA-1,0
GCTAAGCCCAGTATGC-1,0
GCGGATTACTTGTTCT-1,0
TCTAACCTAGCCTGCG-1,0
GTCTTACCACGCCAAG-1,0
CGTTTCGGTTATATGC-1,0
CGTTAAATACGACCAG-1,0
ACTTGTTACCGGATCA-1,0
AACCCGCTGTATTCCA-1,0
GTTCTTGTAACTCAAT-1,0
GGACACCTCGGTGTTG-1,0
CTGCTCTGACGGCAAA-1,0
TGTCGTGGGTATAGGC-1,0
GCGGGCAGACGGGTGA-1,0
ACGCCACTCGAAACAG-1,0
GCGAATGGACTAGCGA-1,0
ATTTATACTGGTAAAG-1,0
CGGTATGGGCACTCTG-1,0
ACCACACGGTTGATGG-1,0
TCAGAGGACGCGTTAG-1,0
GCTTCCCGTAAGCTCC-1,0
CCTTAAGTACGCAATT-1,0
AGAATACAGGCTATCC-1,0
TAGAGTGTTCCGGGTA-1,0
GGTTCGCATTTGCCGT-1,0
CCGGAAGTGCAATATG-1,0
GACGGGCATCGAATTT-1,0
GCTATAAGGGCCAGGA-1,0
TACAACAGCGCATACA-1,0
TCTACCCGCATCATTT-1,0
AATAACGTCGCGCCCA-1,0
TACGCTGCACGGTCGT-1,0
TCGACTGACGATGGCT-1,0
TTGCGCACAACCACGT-1,3
CTGGGCTACTGGAGAG-1,3
ATTCGTTTATCGTATT-1,0
AGTTATTCAGACTGTG-1,0
CGCAGTTCTATCTTTC-1,0
GACAGGTAATCCGTGT-1,0
